Date,Open,High,Low,Close,Adj Close,Volume
2010-01-04,79.629997,81.680000,79.629997,81.510002,81.510002,120372
2010-01-05,81.629997,82.000000,80.949997,81.769997,81.769997,263542
2010-01-06,81.430000,83.519997,80.849998,83.180000,83.180000,258887
2010-01-07,83.199997,83.360001,82.260002,82.660004,82.660004,370059
2010-01-08,82.650002,83.470001,81.800003,82.750000,82.750000,246632
2010-01-10,null,null,null,null,null,null
2010-01-11,82.879997,83.949997,81.959999,82.519997,82.519997,310377
2010-01-12,82.070000,82.339996,79.910004,80.790001,80.790001,296304
2010-01-13,80.059998,80.669998,78.370003,79.650002,79.650002,333866
2010-01-14,79.629997,80.360001,78.919998,79.389999,79.389999,401627
2010-01-15,79.199997,79.309998,77.699997,78.000000,78.000000,275404
2010-01-17,null,null,null,null,null,null
2010-01-19,77.849998,79.150002,76.760002,79.019997,79.019997,200555
2010-01-20,78.879997,79.029999,76.959999,77.620003,77.620003,186882
2010-01-21,77.559998,78.360001,75.660004,76.080002,76.080002,303758
2010-01-22,75.839996,76.500000,74.010002,74.540001,74.540001,327417
2010-01-24,null,null,null,null,null,null
2010-01-25,74.239998,75.419998,74.059998,75.260002,75.260002,348819
2010-01-26,75.279999,75.389999,73.820000,74.709999,74.709999,280559
2010-01-27,74.690002,75.089996,72.650002,73.669998,73.669998,256207
2010-01-28,73.750000,74.489998,72.930000,73.639999,73.639999,356179
2010-01-29,73.889999,74.820000,72.430000,72.889999,72.889999,292911
2010-01-31,null,null,null,null,null,null
2010-02-01,72.839996,74.989998,72.489998,74.430000,74.430000,335270
2010-02-02,74.940002,77.410004,74.400002,77.230003,77.230003,277411
2010-02-03,76.989998,78.040001,76.519997,76.980003,76.980003,366269
2010-02-04,77.089996,77.169998,72.419998,73.139999,73.139999,391294
2010-02-05,73.040001,73.940002,69.500000,71.190002,71.190002,523892
2010-02-07,null,null,null,null,null,null
2010-02-08,72.180000,72.389999,70.769997,71.889999,71.889999,596142
2010-02-09,71.680000,74.150002,71.320000,73.750000,73.750000,345638
2010-02-10,73.790001,74.970001,72.599998,74.519997,74.519997,429845
2010-02-11,74.650002,75.690002,73.379997,75.279999,75.279999,422057
2010-02-12,75.300003,75.349998,72.660004,74.129997,74.129997,464441
2010-02-14,null,null,null,null,null,null
2010-02-16,74.019997,77.419998,73.709999,77.010002,77.010002,335805
2010-02-17,77.320000,77.820000,76.529999,77.330002,77.330002,365032
2010-02-18,77.290001,79.290001,76.320000,79.059998,79.059998,283816
2010-02-19,78.370003,80.099998,77.760002,79.809998,79.809998,274169
2010-02-21,null,null,null,null,null,null
2010-02-22,80.099998,80.510002,79.449997,80.160004,80.160004,183234
2010-02-23,80.029999,80.389999,78.220001,78.860001,78.860001,238956
2010-02-24,79.129997,80.449997,78.250000,80.000000,80.000000,316878
2010-02-25,80.309998,80.320000,77.050003,78.169998,78.169998,289321
2010-02-26,78.330002,80.050003,77.820000,79.660004,79.660004,346025
2010-02-28,null,null,null,null,null,null
2010-03-01,79.839996,80.620003,78.059998,78.699997,78.699997,319038
2010-03-02,78.879997,80.949997,78.260002,79.680000,79.680000,298718
2010-03-03,79.639999,81.230003,79.440002,80.870003,80.870003,301698
2010-03-04,81.010002,81.089996,79.699997,80.209999,80.209999,306910
2010-03-05,80.580002,82.070000,80.470001,81.500000,81.500000,278889
2010-03-07,null,null,null,null,null,null
2010-03-08,81.790001,82.410004,80.750000,81.870003,81.870003,299634
2010-03-09,81.750000,81.910004,80.160004,81.489998,81.489998,295351
2010-03-10,81.379997,83.029999,80.809998,82.089996,82.089996,332133
2010-03-11,81.980003,82.379997,81.330002,82.110001,82.110001,430148
2010-03-12,82.199997,83.160004,80.570000,81.239998,81.239998,279161
2010-03-14,null,null,null,null,null,null
2010-03-15,81.129997,81.309998,79.129997,79.800003,79.800003,337201
2010-03-16,79.839996,82.040001,79.320000,81.699997,81.699997,283135
2010-03-17,82.050003,83.089996,81.720001,82.930000,82.930000,290180
2010-03-18,82.849998,82.849998,81.680000,82.199997,82.199997,275205
2010-03-19,82.169998,82.169998,79.860001,80.680000,80.680000,208343
2010-03-21,null,null,null,null,null,null
2010-03-22,80.930000,81.489998,78.570000,81.250000,81.250000,150682
2010-03-23,81.809998,82.199997,80.849998,81.910004,81.910004,351220
2010-03-24,81.580002,81.639999,79.879997,80.610001,80.610001,261873
2010-03-25,80.250000,81.480003,80.199997,80.529999,80.529999,307763
2010-03-26,80.129997,81.459999,79.540001,80.000000,80.000000,296271
2010-03-28,null,null,null,null,null,null
2010-03-29,80.239998,82.779999,80.180000,82.169998,82.169998,324607
2010-03-30,82.500000,82.739998,81.769997,82.370003,82.370003,311042
2010-03-31,82.500000,83.849998,82.220001,83.760002,83.760002,244435
2010-04-01,83.360001,85.220001,83.209999,84.870003,84.870003,371961
2010-04-04,null,null,null,null,null,null
2010-04-05,85.309998,86.900002,85.059998,86.620003,86.620003,295387
2010-04-06,86.739998,87.089996,86.129997,86.839996,86.839996,244106
2010-04-07,86.760002,87.000000,85.519997,85.879997,85.879997,290480
2010-04-08,85.639999,85.879997,84.379997,85.389999,85.389999,379528
2010-04-09,85.559998,86.370003,84.120003,84.919998,84.919998,389596
2010-04-11,null,null,null,null,null,null
2010-04-12,85.169998,85.709999,84.080002,84.339996,84.339996,442943
2010-04-13,84.360001,84.419998,82.510002,84.050003,84.050003,421904
2010-04-14,83.820000,86.389999,83.709999,85.839996,85.839996,552298
2010-04-15,85.910004,86.269997,85.269997,85.510002,85.510002,425166
2010-04-16,85.349998,85.440002,82.519997,83.239998,83.239998,274095
2010-04-18,null,null,null,null,null,null
2010-04-19,82.919998,83.000000,80.529999,81.449997,81.449997,268760
2010-04-20,81.690002,83.650002,81.510002,83.449997,83.449997,122831
2010-04-21,84.029999,84.639999,82.919998,83.680000,83.680000,344024
2010-04-22,83.470001,84.070000,81.730003,83.699997,83.699997,428236
2010-04-23,83.750000,85.190002,82.919998,85.120003,85.120003,433947
2010-04-25,null,null,null,null,null,null
2010-04-26,85.220001,85.629997,83.730003,84.199997,84.199997,322550
2010-04-27,83.889999,84.330002,81.790001,82.440002,82.440002,337123
2010-04-28,81.839996,83.389999,81.290001,83.220001,83.220001,462842
2010-04-29,83.330002,85.459999,83.010002,85.169998,85.169998,400695
2010-04-30,85.580002,86.500000,85.160004,86.150002,86.150002,393689
2010-05-02,null,null,null,null,null,null
2010-05-03,86.199997,87.150002,85.830002,86.190002,86.190002,392139
2010-05-04,86.089996,86.239998,82.550003,82.739998,82.739998,324726
2010-05-05,82.129997,82.830002,79.150002,79.970001,79.970001,497427
2010-05-06,79.629997,80.389999,74.580002,77.110001,77.110001,512285
2010-05-07,76.949997,78.190002,74.510002,75.110001,75.110001,605011
2010-05-09,null,null,null,null,null,null
2010-05-10,76.110001,78.510002,75.800003,76.800003,76.800003,601534
2010-05-11,77.260002,77.680000,75.360001,76.370003,76.370003,447158
2010-05-12,75.889999,77.000000,74.750000,75.650002,75.650002,441537
2010-05-13,75.470001,76.449997,73.620003,74.400002,74.400002,475847
2010-05-14,73.989998,74.129997,70.830002,71.610001,71.610001,532331
2010-05-16,null,null,null,null,null,null
2010-05-17,71.790001,72.250000,69.269997,70.080002,70.080002,373981
2010-05-18,70.500000,72.519997,68.910004,69.410004,69.410004,355833
2010-05-19,69.110001,71.300003,67.900002,69.870003,69.870003,206381
2010-05-20,71.199997,71.290001,64.239998,68.010002,68.010002,129166
2010-05-21,69.519997,71.230003,69.000000,70.040001,70.040001,553741
2010-05-23,null,null,null,null,null,null
2010-05-24,70.620003,70.959999,69.570000,70.209999,70.209999,449428
2010-05-25,69.900002,70.040001,67.150002,68.750000,68.750000,279820
2010-05-26,70.059998,71.699997,69.209999,71.510002,71.510002,395399
2010-05-27,70.739998,74.750000,70.669998,74.550003,74.550003,405519
2010-05-28,74.900002,75.720001,73.129997,73.970001,73.970001,401812
2010-05-30,null,null,null,null,null,null
2010-06-01,73.970001,75.330002,71.639999,72.580002,72.580002,420674
2010-06-02,71.940002,73.930000,71.680000,72.860001,72.860001,438588
2010-06-03,73.699997,74.949997,72.320000,74.610001,74.610001,391034
2010-06-04,74.610001,75.419998,70.790001,71.510002,71.510002,439431
2010-06-06,null,null,null,null,null,null
2010-06-07,70.349998,72.489998,69.510002,71.440002,71.440002,448494
2010-06-08,71.160004,72.400002,70.750000,71.989998,71.989998,417308
2010-06-09,72.510002,74.959999,72.029999,74.379997,74.379997,421966
2010-06-10,73.870003,76.300003,73.720001,75.480003,75.480003,436981
2010-06-11,75.519997,75.639999,73.260002,73.779999,73.779999,430042
2010-06-13,null,null,null,null,null,null
2010-06-14,74.059998,75.989998,74.040001,75.120003,75.120003,421739
2010-06-15,74.769997,77.160004,74.620003,76.940002,76.940002,321671
2010-06-16,77.059998,78.129997,76.059998,77.669998,77.669998,308294
2010-06-17,77.449997,77.790001,76.169998,76.790001,76.790001,323357
2010-06-18,76.550003,77.449997,75.559998,77.180000,77.180000,303284
2010-06-20,null,null,null,null,null,null
2010-06-21,77.500000,78.919998,76.879997,77.820000,77.820000,157434
2010-06-22,77.349998,78.099998,76.529999,77.209999,77.209999,124289
2010-06-23,77.519997,77.830002,75.169998,76.349998,76.349998,285495
2010-06-24,76.000000,76.570000,75.320000,76.510002,76.510002,365038
2010-06-25,76.559998,79.190002,75.900002,78.860001,78.860001,260401
2010-06-27,null,null,null,null,null,null
2010-06-28,79.000000,79.379997,77.720001,78.250000,78.250000,316456
2010-06-29,78.150002,78.320000,75.209999,75.940002,75.940002,223305
2010-06-30,75.459999,76.830002,74.389999,75.629997,75.629997,323267
2010-07-01,75.370003,75.400002,72.050003,72.949997,72.949997,357752
2010-07-02,72.669998,73.379997,71.620003,72.139999,72.139999,405081
2010-07-04,null,null,null,null,null,null
2010-07-06,72.059998,73.860001,71.089996,71.980003,71.980003,256171
2010-07-07,72.070000,74.559998,71.440002,74.070000,74.070000,325727
2010-07-08,74.849998,76.000000,74.379997,75.440002,75.440002,288660
2010-07-09,75.849998,76.480003,75.000000,76.089996,76.089996,325813
2010-07-11,null,null,null,null,null,null
2010-07-12,76.300003,76.430000,74.519997,74.949997,74.949997,269887
2010-07-13,75.059998,77.370003,74.250000,77.150002,77.150002,309169
2010-07-14,77.129997,78.150002,76.379997,77.040001,77.040001,361792
2010-07-15,76.760002,77.660004,75.330002,76.620003,76.620003,364471
2010-07-16,76.820000,77.150002,75.250000,76.010002,76.010002,366023
2010-07-18,null,null,null,null,null,null
2010-07-19,75.720001,77.690002,75.500000,76.540001,76.540001,225250
2010-07-20,76.400002,77.570000,75.650002,77.440002,77.440002,169548
2010-07-21,77.849998,78.570000,76.199997,76.559998,76.559998,285817
2010-07-22,76.430000,79.419998,76.160004,79.300003,79.300003,322410
2010-07-23,79.269997,79.599998,78.400002,78.980003,78.980003,358815
2010-07-25,null,null,null,null,null,null
2010-07-26,78.980003,79.330002,78.059998,78.980003,78.980003,259741
2010-07-27,78.919998,79.690002,76.790001,77.500000,77.500000,227656
2010-07-28,77.080002,77.739998,75.900002,76.989998,76.989998,377844
2010-07-29,76.889999,78.889999,76.449997,78.360001,78.360001,314173
2010-07-30,78.250000,79.050003,76.830002,78.949997,78.949997,350581
2010-08-01,null,null,null,null,null,null
2010-08-02,78.949997,81.769997,78.830002,81.339996,81.339996,294425
2010-08-03,81.410004,82.639999,81.110001,82.550003,82.550003,306098
2010-08-04,82.419998,82.970001,81.620003,82.470001,82.470001,290979
2010-08-05,82.440002,82.480003,81.559998,82.010002,82.010002,293321
2010-08-06,82.120003,82.669998,80.040001,80.699997,80.699997,234811
2010-08-08,null,null,null,null,null,null
2010-08-09,80.910004,81.760002,80.709999,81.480003,81.480003,397532
2010-08-10,81.440002,81.620003,79.199997,80.250000,80.250000,267083
2010-08-11,80.220001,80.440002,77.419998,78.019997,78.019997,385854
2010-08-12,77.309998,77.970001,75.519997,75.739998,75.739998,416889
2010-08-13,75.750000,76.739998,75.010002,75.389999,75.389999,430788
2010-08-15,null,null,null,null,null,null
2010-08-16,75.599998,75.949997,74.860001,75.239998,75.239998,286126
2010-08-17,75.059998,76.629997,75.010002,75.769997,75.769997,237455
2010-08-18,75.449997,75.739998,73.830002,75.419998,75.419998,347432
2010-08-19,75.269997,76.099998,73.959999,74.430000,74.430000,247104
2010-08-20,74.449997,74.599998,73.190002,73.459999,73.459999,123224
2010-08-22,null,null,null,null,null,null
2010-08-23,73.900002,74.480003,72.750000,73.099998,73.099998,246977
2010-08-24,72.949997,73.050003,71.320000,71.629997,71.629997,252439
2010-08-25,71.470001,72.870003,70.760002,72.519997,72.519997,340994
2010-08-26,72.820000,73.980003,72.540001,73.360001,73.360001,343405
2010-08-27,73.180000,75.449997,72.040001,75.169998,75.169998,362828
2010-08-29,null,null,null,null,null,null
2010-08-30,75.500000,75.580002,74.169998,74.699997,74.699997,477903
2010-08-31,74.070000,74.730003,71.529999,71.919998,71.919998,260666
2010-09-01,71.699997,74.480003,71.669998,73.910004,73.910004,469412
2010-09-02,73.910004,75.139999,73.110001,75.019997,75.019997,396607
2010-09-03,74.930000,75.440002,73.199997,74.599998,74.599998,340168
2010-09-05,null,null,null,null,null,null
2010-09-07,74.300003,74.629997,72.629997,74.089996,74.089996,379300
2010-09-08,73.910004,75.389999,73.370003,74.669998,74.669998,406641
2010-09-09,74.919998,75.959999,73.879997,74.250000,74.250000,359759
2010-09-10,74.400002,76.730003,74.370003,76.449997,76.449997,372881
2010-09-12,null,null,null,null,null,null
2010-09-13,76.360001,78.040001,76.360001,77.190002,77.190002,431370
2010-09-14,77.169998,77.989998,76.209999,76.800003,76.800003,349157
2010-09-15,76.639999,76.650002,74.660004,76.019997,76.019997,416114
2010-09-16,75.760002,75.989998,74.110001,74.570000,74.570000,356325
2010-09-17,74.470001,75.250000,72.750000,73.660004,73.660004,289281
2010-09-19,null,null,null,null,null,null
2010-09-20,73.589996,75.449997,73.320000,74.860001,74.860001,195831
2010-09-21,74.570000,74.599998,72.809998,73.519997,73.519997,132427
2010-09-22,74.790001,76.000000,73.839996,74.709999,74.709999,311954
2010-09-23,74.839996,75.610001,73.580002,75.180000,75.180000,343846
2010-09-24,74.949997,76.680000,74.660004,76.489998,76.489998,295903
2010-09-26,null,null,null,null,null,null
2010-09-27,76.470001,77.169998,75.519997,76.519997,76.519997,288499
2010-09-28,76.230003,77.120003,75.529999,76.180000,76.180000,289641
2010-09-29,76.199997,78.129997,75.599998,77.860001,77.860001,329350
2010-09-30,77.910004,80.180000,77.550003,79.970001,79.970001,388993
2010-10-01,79.839996,81.690002,79.699997,81.580002,81.580002,418628
2010-10-03,null,null,null,null,null,null
2010-10-04,81.680000,82.379997,80.769997,81.470001,81.470001,359944
2010-10-05,81.370003,82.989998,81.150002,82.820000,82.820000,313306
2010-10-06,82.599998,84.089996,82.290001,83.230003,83.230003,336832
2010-10-07,83.269997,84.430000,81.000000,81.669998,81.669998,349174
2010-10-08,81.430000,83.129997,80.300003,82.660004,82.660004,450952
2010-10-10,null,null,null,null,null,null
2010-10-11,82.949997,83.500000,81.849998,82.209999,82.209999,414081
2010-10-12,81.940002,82.330002,80.879997,81.669998,81.669998,234320
2010-10-13,81.720001,83.449997,81.680000,83.010002,83.010002,333582
2010-10-14,83.230003,84.120003,82.209999,82.690002,82.690002,330288
2010-10-15,82.769997,83.330002,80.750000,81.250000,81.250000,340955
2010-10-17,null,null,null,null,null,null
2010-10-18,81.379997,83.279999,80.349998,83.080002,83.080002,345844
2010-10-19,82.949997,83.209999,79.389999,79.489998,79.489998,225081
2010-10-20,79.480003,82.029999,79.349998,81.769997,81.769997,151357
2010-10-21,82.550003,82.699997,80.089996,80.559998,80.559998,422745
2010-10-22,80.730003,82.070000,80.410004,81.690002,81.690002,378285
2010-10-24,null,null,null,null,null,null
2010-10-25,82.010002,83.279999,81.449997,82.519997,82.519997,256382
2010-10-26,82.470001,82.879997,81.809998,82.550003,82.550003,339395
2010-10-27,82.480003,82.690002,80.519997,81.940002,81.940002,265930
2010-10-28,81.989998,82.639999,81.500000,82.180000,82.180000,375249
2010-10-29,81.919998,82.120003,80.559998,81.430000,81.430000,296748
2010-10-31,null,null,null,null,null,null
2010-11-01,81.449997,83.860001,81.320000,82.949997,82.949997,313874
2010-11-02,82.879997,84.470001,82.830002,83.900002,83.900002,358535
2010-11-03,84.370003,85.360001,83.570000,84.690002,84.690002,281834
2010-11-04,85.089996,86.830002,84.919998,86.489998,86.489998,393735
2010-11-05,86.599998,87.430000,85.959999,86.849998,86.849998,317997
2010-11-07,null,null,null,null,null,null
2010-11-08,87.389999,87.489998,85.959999,87.059998,87.059998,317997
2010-11-09,86.750000,87.629997,85.480003,86.720001,86.720001,309966
2010-11-10,86.449997,88.209999,86.099998,87.809998,87.809998,367995
2010-11-11,87.849998,88.629997,87.540001,87.809998,87.809998,472840
2010-11-12,87.730003,87.849998,84.519997,84.879997,84.879997,343012
2010-11-14,null,null,null,null,null,null
2010-11-15,84.870003,85.769997,84.480003,84.860001,84.860001,478815
2010-11-16,84.580002,84.739998,82.070000,82.339996,82.339996,315260
2010-11-17,82.440002,82.669998,80.059998,80.440002,80.440002,454828
2010-11-18,80.449997,82.349998,80.440002,81.849998,81.849998,334525
2010-11-19,82.239998,82.750000,80.589996,81.510002,81.510002,160405
2010-11-21,null,null,null,null,null,null
2010-11-22,82.150002,82.870003,80.680000,81.739998,81.739998,324513
2010-11-23,81.610001,82.099998,80.279999,81.250000,81.250000,290222
2010-11-24,80.989998,84.199997,80.970001,83.860001,83.860001,351860
2010-11-26,null,null,null,null,null,null
2010-11-28,null,null,null,null,null,null
2010-11-29,83.900002,85.830002,83.589996,85.730003,85.730003,174178
2010-11-30,85.809998,85.900002,83.550003,84.110001,84.110001,335800
2010-12-01,83.660004,86.949997,83.629997,86.750000,86.750000,338358
2010-12-02,86.800003,88.129997,86.269997,88.000000,88.000000,340736
2010-12-03,87.940002,89.489998,87.139999,89.190002,89.190002,330642
2010-12-05,null,null,null,null,null,null
2010-12-06,89.440002,89.760002,88.559998,89.379997,89.379997,354635
2010-12-07,88.919998,90.760002,88.099998,88.690002,88.690002,293836
2010-12-08,88.349998,88.989998,87.330002,88.279999,88.279999,462689
2010-12-09,88.550003,89.419998,87.709999,88.370003,88.370003,383144
2010-12-10,88.510002,89.000000,87.099998,87.790001,87.790001,353964
2010-12-12,null,null,null,null,null,null
2010-12-13,87.680000,89.489998,87.440002,88.610001,88.610001,313842
2010-12-14,88.190002,88.949997,87.739998,88.279999,88.279999,329766
2010-12-15,88.279999,89.089996,86.830002,88.620003,88.620003,281851
2010-12-16,88.480003,88.650002,87.629997,87.699997,87.699997,355056
2010-12-17,87.870003,88.519997,87.010002,88.019997,88.019997,221145
2010-12-19,null,null,null,null,null,null
2010-12-20,88.180000,88.980003,87.260002,88.809998,88.809998,152396
2010-12-21,89.220001,89.970001,89.059998,89.820000,89.820000,265975
2010-12-22,89.989998,90.800003,89.849998,90.480003,90.480003,187321
2010-12-23,90.610001,91.629997,90.330002,91.510002,91.510002,187386
2010-12-26,null,null,null,null,null,null
2010-12-27,91.070000,91.879997,90.510002,91.000000,91.000000,145007
2010-12-28,90.790001,91.669998,90.750000,91.489998,91.489998,104321
2010-12-29,91.269997,91.529999,90.800003,91.120003,91.120003,104415
2010-12-30,90.980003,91.400002,89.019997,89.839996,89.839996,117853
2010-12-31,89.669998,92.059998,89.050003,91.379997,91.379997,209645
2011-01-02,null,null,null,null,null,null
2011-01-03,91.309998,92.580002,91.209999,91.550003,91.550003,171010
2011-01-04,91.500000,92.070000,88.360001,89.379997,89.379997,225189
2011-01-05,89.290001,90.839996,88.099998,90.300003,90.300003,415521
2011-01-06,90.470001,90.709999,87.849998,88.379997,88.379997,416908
2011-01-07,88.180000,89.480003,87.250000,88.029999,88.029999,440456
2011-01-09,null,null,null,null,null,null
2011-01-10,89.000000,89.980003,88.129997,89.250000,89.250000,444813
2011-01-11,89.309998,91.389999,88.930000,91.110001,91.110001,430277
2011-01-12,91.180000,92.389999,90.790001,91.860001,91.860001,429761
2011-01-13,92.000000,92.370003,90.750000,91.400002,91.400002,382686
2011-01-14,90.989998,91.690002,90.099998,91.540001,91.540001,358898
2011-01-16,null,null,null,null,null,null
2011-01-18,91.510002,91.900002,90.550003,91.379997,91.379997,313331
2011-01-19,91.339996,92.099998,90.470001,90.860001,90.860001,211930
2011-01-20,90.699997,90.860001,88.000000,88.860001,88.860001,109525
2011-01-21,89.449997,90.220001,88.870003,89.110001,89.110001,442041
2011-01-23,null,null,null,null,null,null
2011-01-24,89.260002,89.629997,87.269997,87.870003,87.870003,287810
2011-01-25,87.699997,87.849998,86.120003,86.190002,86.190002,356085
2011-01-26,86.230003,87.779999,86.029999,87.330002,87.330002,338646
2011-01-27,87.550003,87.660004,85.419998,85.639999,85.639999,347753
2011-01-28,85.279999,89.730003,85.110001,89.339996,89.339996,369379
2011-01-30,null,null,null,null,null,null
2011-01-31,89.970001,92.839996,88.400002,92.190002,92.190002,584789
2011-02-01,92.199997,92.449997,90.440002,90.769997,90.769997,436801
2011-02-02,90.510002,91.779999,90.099998,90.860001,90.860001,392882
2011-02-03,90.930000,92.050003,90.000000,90.540001,90.540001,312107
2011-02-04,90.629997,91.669998,88.449997,89.029999,89.029999,290494
2011-02-06,null,null,null,null,null,null
2011-02-07,89.059998,89.540001,87.180000,87.480003,87.480003,359925
2011-02-08,87.410004,88.110001,85.879997,86.940002,86.940002,324984
2011-02-09,87.349998,87.949997,86.360001,86.709999,86.709999,414877
2011-02-10,86.930000,87.900002,85.959999,86.730003,86.730003,367209
2011-02-11,87.699997,87.769997,85.099998,85.580002,85.580002,419188
2011-02-13,null,null,null,null,null,null
2011-02-14,85.500000,86.519997,84.580002,84.809998,84.809998,383391
2011-02-15,84.839996,85.970001,83.849998,84.320000,84.320000,319329
2011-02-16,84.440002,85.949997,84.120003,84.989998,84.989998,284165
2011-02-17,85.250000,86.629997,84.379997,86.360001,86.360001,297660
2011-02-18,86.400002,87.879997,85.650002,86.199997,86.199997,176128
2011-02-20,null,null,null,null,null,null
2011-02-22,86.379997,94.489998,86.250000,93.570000,93.570000,155296
2011-02-23,95.680000,100.000000,95.139999,98.099998,98.099998,638193
2011-02-24,98.970001,103.410004,95.620003,97.279999,97.279999,489667
2011-02-25,96.629997,99.199997,96.169998,97.879997,97.879997,507456
2011-02-27,null,null,null,null,null,null
2011-02-28,98.500000,99.959999,96.709999,96.970001,96.970001,307903
2011-03-01,96.970001,100.680000,96.370003,99.629997,99.629997,262001
2011-03-02,100.480003,102.430000,99.209999,102.230003,102.230003,322429
2011-03-03,102.389999,102.940002,100.150002,101.910004,101.910004,446378
2011-03-04,101.699997,105.169998,101.540001,104.419998,104.419998,382555
2011-03-06,null,null,null,null,null,null
2011-03-07,104.650002,106.949997,104.250000,105.440002,105.440002,369148
2011-03-08,104.849998,105.790001,103.330002,105.019997,105.019997,404435
2011-03-09,104.959999,105.919998,103.900002,104.379997,104.379997,420036
2011-03-10,104.449997,105.059998,100.620003,102.699997,102.699997,353948
2011-03-11,102.639999,103.000000,99.010002,101.160004,101.160004,432988
2011-03-13,null,null,null,null,null,null
2011-03-14,100.309998,101.599998,98.470001,101.190002,101.190002,342531
2011-03-15,101.860001,101.870003,96.709999,97.180000,97.180000,289434
2011-03-16,97.400002,99.599998,96.220001,97.980003,97.980003,388736
2011-03-17,98.099998,101.989998,96.599998,101.419998,101.419998,357944
2011-03-18,101.779999,103.660004,100.139999,101.070000,101.070000,261573
2011-03-20,null,null,null,null,null,null
2011-03-21,102.120003,103.349998,101.660004,102.330002,102.330002,217675
2011-03-22,102.099998,104.540001,101.430000,104.000000,104.000000,103960
2011-03-23,104.849998,106.339996,104.379997,105.750000,105.750000,303365
2011-03-24,105.519997,106.690002,104.760002,105.599998,105.599998,254571
2011-03-25,105.459999,105.949997,104.500000,105.400002,105.400002,258015
2011-03-27,null,null,null,null,null,null
2011-03-28,105.430000,105.760002,103.599998,103.980003,103.980003,235658
2011-03-29,103.940002,105.000000,102.699997,104.790001,104.790001,223079
2011-03-30,104.449997,105.150002,103.440002,104.269997,104.269997,246824
2011-03-31,104.309998,106.830002,104.120003,106.720001,106.720001,256895
2011-04-01,106.620003,108.230003,106.300003,107.940002,107.940002,270630
2011-04-03,null,null,null,null,null,null
2011-04-04,108.290001,108.779999,107.580002,108.470001,108.470001,283710
2011-04-05,108.199997,108.599998,107.500000,108.339996,108.339996,228494
2011-04-06,107.989998,109.150002,107.720001,108.830002,108.830002,249358
2011-04-07,108.669998,110.440002,108.230003,110.300003,110.300003,255598
2011-04-08,110.320000,113.180000,110.110001,112.790001,112.790001,334906
2011-04-10,null,null,null,null,null,null
2011-04-11,113.279999,113.459999,108.879997,109.919998,109.919998,319475
2011-04-12,108.970001,110.239998,105.470001,106.250000,106.250000,364348
2011-04-13,106.019997,107.430000,105.309998,107.110001,107.110001,555625
2011-04-14,107.320000,108.550003,105.769997,108.110001,108.110001,456863
2011-04-15,108.449997,110.099998,107.209999,109.660004,109.660004,352072
2011-04-17,null,null,null,null,null,null
2011-04-18,109.430000,109.440002,106.540001,107.120003,107.120003,224394
2011-04-19,107.519997,108.449997,105.500000,108.150002,108.150002,138178
2011-04-20,108.449997,111.660004,107.959999,111.449997,111.449997,324778
2011-04-21,111.370003,112.480003,111.000000,112.290001,112.290001,291546
2011-04-24,null,null,null,null,null,null
2011-04-25,112.339996,113.480003,111.080002,112.279999,112.279999,240462
2011-04-26,112.150002,112.639999,111.120003,112.209999,112.209999,209683
2011-04-27,111.889999,113.400002,110.709999,112.760002,112.760002,234441
2011-04-28,113.129997,113.970001,111.690002,112.860001,112.860001,338697
2011-04-29,112.820000,114.180000,112.250000,113.930000,113.930000,301604
2011-05-01,null,null,null,null,null,null
2011-05-02,113.889999,114.830002,110.820000,113.519997,113.519997,201831
2011-05-03,112.980003,113.220001,110.300003,111.050003,111.050003,310994
2011-05-04,110.680000,111.220001,108.480003,109.239998,109.239998,300333
2011-05-05,108.779999,109.379997,98.250000,99.800003,99.800003,333018
2011-05-06,99.760002,102.379997,94.629997,97.180000,97.180000,670082
2011-05-08,null,null,null,null,null,null
2011-05-09,98.110001,103.400002,97.419998,102.550003,102.550003,606528
2011-05-10,102.440002,103.949997,100.120003,103.879997,103.879997,469290
2011-05-11,103.690002,104.599998,97.500000,98.209999,98.209999,439607
2011-05-12,98.589996,100.489998,95.250000,98.970001,98.970001,524761
2011-05-13,98.809998,100.699997,97.089996,99.650002,99.650002,522503
2011-05-15,null,null,null,null,null,null
2011-05-16,99.360001,99.650002,96.889999,97.370003,97.370003,367717
2011-05-17,96.980003,97.809998,95.019997,96.910004,96.910004,335318
2011-05-18,97.570000,100.989998,97.459999,100.099998,100.099998,399128
2011-05-19,99.760002,100.790001,98.160004,98.440002,98.440002,285299
2011-05-20,98.599998,99.900002,95.989998,99.489998,99.489998,142668
2011-05-22,null,null,null,null,null,null
2011-05-23,99.680000,100.040001,96.370003,97.699997,97.699997,394911
2011-05-24,97.540001,100.089996,96.610001,99.589996,99.589996,296828
2011-05-25,99.269997,101.629997,98.199997,101.320000,101.320000,339530
2011-05-26,101.239998,101.900002,99.610001,100.230003,100.230003,354880
2011-05-27,100.160004,101.239998,100.040001,100.589996,100.589996,332135
2011-05-29,null,null,null,null,null,null
2011-05-31,100.690002,103.389999,99.599998,102.699997,102.699997,212254
2011-06-01,102.680000,103.309998,99.860001,100.290001,100.290001,319037
2011-06-02,99.790001,100.900002,98.459999,100.400002,100.400002,376476
2011-06-03,100.870003,100.870003,98.120003,100.220001,100.220001,389637
2011-06-05,null,null,null,null,null,null
2011-06-06,100.419998,100.680000,98.550003,99.010002,99.010002,351309
2011-06-07,98.820000,99.699997,97.739998,99.089996,99.089996,289670
2011-06-08,99.580002,101.889999,98.019997,100.739998,100.739998,415373
2011-06-09,100.830002,102.440002,100.739998,101.930000,101.930000,484275
2011-06-10,101.839996,102.150002,98.599998,99.290001,99.290001,345542
2011-06-12,null,null,null,null,null,null
2011-06-13,98.769997,99.320000,96.129997,97.300003,97.300003,379238
2011-06-14,97.089996,99.440002,96.510002,99.370003,99.370003,381993
2011-06-15,99.680000,99.949997,94.010002,94.809998,94.809998,347721
2011-06-16,95.290001,95.750000,94.290001,94.949997,94.949997,508717
2011-06-17,95.099998,95.400002,91.839996,93.010002,93.010002,336011
2011-06-19,null,null,null,null,null,null
2011-06-20,92.800003,93.489998,91.139999,93.260002,93.260002,245013
2011-06-21,93.489998,94.739998,92.500000,93.400002,93.400002,136837
2011-06-22,93.760002,95.699997,93.239998,95.410004,95.410004,323911
2011-06-23,94.400002,94.470001,89.690002,91.019997,91.019997,296275
2011-06-24,92.290001,92.339996,89.820000,91.160004,91.160004,484057
2011-06-26,null,null,null,null,null,null
2011-06-27,91.160004,91.300003,89.610001,90.610001,90.610001,337767
2011-06-28,90.709999,92.959999,90.440002,92.889999,92.889999,278681
2011-06-29,93.370003,95.839996,92.660004,94.769997,94.769997,279024
2011-06-30,95.080002,95.820000,93.879997,95.419998,95.419998,348790
2011-07-01,95.120003,95.389999,93.449997,94.940002,94.940002,276580
2011-07-03,null,null,null,null,null,null
2011-07-05,94.980003,97.480003,94.339996,96.889999,96.889999,263626
2011-07-06,97.000000,97.790001,95.900002,96.650002,96.650002,275650
2011-07-07,97.040001,99.419998,96.989998,98.669998,98.669998,288321
2011-07-08,98.790001,99.180000,95.599998,96.199997,96.199997,339270
2011-07-10,null,null,null,null,null,null
2011-07-11,96.099998,96.750000,94.139999,95.150002,95.150002,347999
2011-07-12,95.089996,97.500000,93.550003,97.430000,97.430000,311449
2011-07-13,96.720001,99.209999,96.529999,98.050003,98.050003,343493
2011-07-14,97.589996,98.879997,94.529999,95.690002,95.690002,355098
2011-07-15,96.029999,97.739998,95.209999,97.239998,97.239998,403419
2011-07-17,null,null,null,null,null,null
2011-07-18,97.370003,97.690002,94.690002,95.930000,95.930000,266461
2011-07-19,96.160004,98.650002,95.930000,97.500000,97.500000,203973
2011-07-20,98.110001,99.019997,96.639999,98.139999,98.139999,138045
2011-07-21,98.360001,100.160004,97.199997,99.129997,99.129997,295669
2011-07-22,99.199997,100.190002,98.430000,99.870003,99.870003,293973
2011-07-24,null,null,null,null,null,null
2011-07-25,99.760002,99.870003,98.519997,99.199997,99.199997,223266
2011-07-26,99.150002,100.620003,97.760002,99.589996,99.589996,205209
2011-07-27,99.180000,99.500000,97.139999,97.400002,97.400002,332692
2011-07-28,97.269997,98.010002,96.510002,97.440002,97.440002,304524
2011-07-29,97.160004,97.389999,94.949997,95.699997,95.699997,236246
2011-07-31,null,null,null,null,null,null
2011-08-01,96.199997,98.599998,93.419998,94.889999,94.889999,284385
2011-08-02,95.019997,95.680000,93.080002,93.790001,93.790001,398857
2011-08-03,93.150002,93.750000,91.220001,91.930000,91.930000,328175
2011-08-04,91.940002,92.589996,86.040001,86.629997,86.629997,350221
2011-08-05,86.500000,88.320000,82.870003,86.879997,86.879997,535941
2011-08-07,null,null,null,null,null,null
2011-08-08,85.709999,85.730003,80.169998,81.309998,81.309998,512488
2011-08-09,81.099998,83.050003,75.709999,79.300003,79.300003,521066
2011-08-10,81.900002,83.139999,79.529999,82.889999,82.889999,605796
2011-08-11,81.949997,85.970001,81.029999,85.720001,85.720001,520144
2011-08-12,85.550003,87.370003,84.019997,85.379997,85.379997,502092
2011-08-14,null,null,null,null,null,null
2011-08-15,85.589996,88.050003,84.400002,87.879997,87.879997,350091
2011-08-16,87.680000,87.930000,85.620003,86.650002,86.650002,292796
2011-08-17,87.099998,89.000000,86.650002,87.580002,87.580002,375339
2011-08-18,87.410004,87.529999,81.150002,82.379997,82.379997,344487
2011-08-19,81.300003,83.550003,79.169998,82.260002,82.260002,331275
2011-08-21,null,null,null,null,null,null
2011-08-22,82.419998,84.669998,81.129997,84.120003,84.120003,148811
2011-08-23,84.449997,86.389999,83.400002,85.440002,85.440002,374045
2011-08-24,85.669998,86.589996,84.550003,85.160004,85.160004,353947
2011-08-25,85.169998,86.559998,83.010002,85.300003,85.300003,294928
2011-08-26,85.089996,85.639999,82.949997,85.370003,85.370003,357816
2011-08-28,null,null,null,null,null,null
2011-08-29,85.330002,87.620003,85.110001,87.269997,87.269997,283261
2011-08-30,87.510002,89.209999,86.459999,88.900002,88.900002,208605
2011-08-31,88.790001,89.540001,87.669998,88.809998,88.809998,315383
2011-09-01,88.730003,89.900002,88.209999,88.930000,88.930000,317696
2011-09-02,88.779999,88.989998,85.419998,86.449997,86.449997,282342
2011-09-04,null,null,null,null,null,null
2011-09-06,86.459999,86.599998,83.199997,86.019997,86.019997,307284
2011-09-07,86.500000,90.480003,86.150002,89.339996,89.339996,316166
2011-09-08,90.110001,90.230003,88.589996,89.050003,89.050003,313728
2011-09-09,88.769997,89.500000,85.639999,87.239998,87.239998,336725
2011-09-11,null,null,null,null,null,null
2011-09-12,86.699997,88.949997,85.000000,88.190002,88.190002,349238
2011-09-13,88.949997,90.519997,87.809998,90.209999,90.209999,355070
2011-09-14,89.879997,90.250000,88.209999,88.910004,88.910004,364262
2011-09-15,88.599998,90.150002,88.010002,89.400002,89.400002,330978
2011-09-16,89.110001,89.779999,87.000000,87.959999,87.959999,296285
2011-09-18,null,null,null,null,null,null
2011-09-19,87.750000,87.750000,84.790001,85.699997,85.699997,210962
2011-09-20,85.839996,87.459999,85.110001,86.889999,86.889999,132221
2011-09-21,86.510002,87.989998,84.919998,85.919998,85.919998,264593
2011-09-22,84.809998,85.000000,79.660004,80.510002,80.510002,298905
2011-09-23,80.400002,81.809998,77.550003,79.849998,79.849998,459998
2011-09-25,null,null,null,null,null,null
2011-09-26,79.639999,81.360001,77.110001,80.239998,80.239998,427569
2011-09-27,81.480003,84.769997,80.919998,84.449997,84.449997,325671
2011-09-28,83.760002,84.620003,80.540001,81.209999,81.209999,313568
2011-09-29,80.669998,83.980003,79.639999,82.139999,82.139999,282850
2011-09-30,83.070000,83.230003,78.599998,79.199997,79.199997,351345
2011-10-02,null,null,null,null,null,null
2011-10-03,78.919998,79.639999,76.650002,77.610001,77.610001,367957
2011-10-04,76.400002,77.989998,74.949997,75.669998,75.669998,392782
2011-10-05,78.250000,79.820000,76.940002,79.680000,79.680000,428113
2011-10-06,79.709999,82.900002,79.080002,82.589996,82.589996,336067
2011-10-07,82.570000,84.000000,81.360001,82.980003,82.980003,386089
2011-10-09,null,null,null,null,null,null
2011-10-10,82.750000,86.089996,82.750000,85.410004,85.410004,377540
2011-10-11,85.699997,86.639999,83.970001,85.809998,85.809998,264825
2011-10-12,85.199997,86.589996,84.519997,85.570000,85.570000,362324
2011-10-13,84.930000,85.389999,83.169998,84.230003,84.230003,294230
2011-10-14,84.470001,87.400002,83.769997,86.800003,86.800003,360268
2011-10-16,null,null,null,null,null,null
2011-10-17,87.480003,88.180000,85.879997,86.379997,86.379997,274846
2011-10-18,86.199997,89.029999,85.550003,88.339996,88.339996,227298
2011-10-19,88.260002,89.510002,85.870003,86.110001,86.110001,203765
2011-10-20,86.099998,86.940002,84.099998,85.300003,85.300003,112020
2011-10-21,86.500000,88.889999,85.949997,87.400002,87.400002,389241
2011-10-23,null,null,null,null,null,null
2011-10-24,87.050003,91.879997,87.000000,91.269997,91.269997,296555
2011-10-25,91.690002,94.650002,91.099998,93.169998,93.169998,484139
2011-10-26,92.589996,93.919998,90.000000,90.199997,90.199997,489373
2011-10-27,90.980003,94.250000,90.739998,93.959999,93.959999,411445
2011-10-28,93.930000,93.930000,92.010002,93.320000,93.320000,327446
2011-10-30,null,null,null,null,null,null
2011-10-31,93.529999,93.800003,91.360001,93.190002,93.190002,276760
2011-11-01,92.580002,92.879997,89.169998,92.190002,92.190002,228561
2011-11-02,91.599998,93.790001,90.970001,92.510002,92.510002,351343
2011-11-03,92.989998,94.610001,90.870003,94.070000,94.070000,265626
2011-11-04,94.239998,94.930000,92.870003,94.260002,94.260002,299987
2011-11-06,null,null,null,null,null,null
2011-11-07,94.260002,96.110001,93.230003,95.519997,95.519997,295457
2011-11-08,95.870003,97.080002,95.230003,96.800003,96.800003,321186
2011-11-09,96.809998,97.839996,94.540001,95.739998,95.739998,313566
2011-11-10,95.750000,98.349998,95.199997,97.779999,97.779999,445712
2011-11-11,97.510002,99.199997,97.349998,98.989998,98.989998,347730
2011-11-13,null,null,null,null,null,null
2011-11-14,99.300003,99.690002,97.190002,98.139999,98.139999,282786
2011-11-15,98.040001,99.839996,97.510002,99.370003,99.370003,351523
2011-11-16,99.320000,102.889999,98.389999,102.589996,102.589996,353319
2011-11-17,101.760002,103.370003,98.279999,98.820000,98.820000,379612
2011-11-18,98.610001,100.150002,96.639999,97.410004,97.410004,194039
2011-11-20,null,null,null,null,null,null
2011-11-21,97.540001,97.860001,95.239998,96.919998,96.919998,341638
2011-11-22,97.199997,98.699997,96.550003,98.010002,98.010002,279104
2011-11-23,97.790001,97.870003,95.349998,96.169998,96.169998,319245
2011-11-25,null,null,null,null,null,null
2011-11-27,null,null,null,null,null,null
2011-11-28,97.500000,100.739998,97.129997,98.209999,98.209999,185841
2011-11-29,97.750000,100.150002,97.230003,99.790001,99.790001,311735
2011-11-30,99.480003,101.750000,98.919998,100.360001,100.360001,320858
2011-12-01,100.510002,101.169998,98.870003,100.199997,100.199997,302863
2011-12-02,100.000000,101.559998,99.760002,100.959999,100.959999,275858
2011-12-04,null,null,null,null,null,null
2011-12-05,101.230003,102.440002,100.239998,100.989998,100.989998,245915
2011-12-06,100.449997,101.419998,100.199997,101.279999,101.279999,239380
2011-12-07,101.110001,101.940002,99.669998,100.489998,100.489998,217029
2011-12-08,100.839996,101.730003,97.709999,98.339996,98.339996,330533
2011-12-09,98.080002,99.910004,97.360001,99.410004,99.410004,340677
2011-12-11,null,null,null,null,null,null
2011-12-12,99.580002,99.680000,97.540001,97.769997,97.769997,318767
2011-12-13,97.849998,101.250000,97.639999,100.139999,100.139999,279146
2011-12-14,100.330002,100.330002,94.209999,94.949997,94.949997,380754
2011-12-15,94.889999,95.989998,93.309998,93.870003,93.870003,377475
2011-12-16,93.419998,94.790001,92.519997,93.529999,93.529999,273761
2011-12-18,null,null,null,null,null,null
2011-12-19,93.760002,94.419998,92.540001,93.879997,93.879997,205893
2011-12-20,94.139999,97.449997,94.139999,97.220001,97.220001,114563
2011-12-21,97.529999,99.250000,96.800003,98.669998,98.669998,242305
2011-12-22,99.029999,100.050003,98.510002,99.529999,99.529999,219505
2011-12-23,99.480003,100.230003,99.239998,99.680000,99.680000,151560
2011-12-25,null,null,null,null,null,null
2011-12-27,99.919998,101.769997,99.370003,101.339996,101.339996,95270
2011-12-28,101.250000,101.709999,99.110001,99.360001,99.360001,124238
2011-12-29,99.589996,99.919998,98.300003,99.650002,99.650002,164655
2011-12-30,99.779999,100.160004,98.610001,98.830002,98.830002,153915
2012-01-01,null,null,null,null,null,null
2012-01-03,99.699997,103.180000,99.650002,102.959999,102.959999,154064
2012-01-04,102.989998,103.739998,101.879997,103.220001,103.220001,275481
2012-01-05,103.290001,103.730003,101.300003,101.809998,101.809998,271711
2012-01-06,101.349998,102.800003,100.879997,101.559998,101.559998,295615
2012-01-08,null,null,null,null,null,null
2012-01-09,101.919998,102.150002,100.099998,101.309998,101.309998,290458
2012-01-10,101.300003,103.410004,101.300003,102.239998,102.239998,311866
2012-01-11,102.199997,102.459999,100.550003,100.870003,100.870003,291273
2012-01-12,101.000000,102.980003,98.500000,99.099998,99.099998,311641
2012-01-13,99.199997,100.190002,97.699997,98.699997,98.699997,370509
2012-01-15,null,null,null,null,null,null
2012-01-17,98.949997,101.010002,98.599998,100.709999,100.709999,335624
2012-01-18,100.910004,102.059998,99.839996,100.589996,100.589996,341887
2012-01-19,101.139999,102.059998,99.980003,100.389999,100.389999,269387
2012-01-20,100.389999,100.739998,97.910004,98.459999,98.459999,120170
2012-01-22,null,null,null,null,null,null
2012-01-23,98.339996,100.239998,97.400002,99.580002,99.580002,304986
2012-01-24,99.879997,100.180000,98.250000,98.949997,98.949997,238960
2012-01-25,99.199997,100.400002,97.529999,99.400002,99.400002,242477
2012-01-26,99.959999,101.389999,99.230003,99.699997,99.699997,322794
2012-01-27,99.930000,100.629997,99.129997,99.559998,99.559998,260744
2012-01-29,null,null,null,null,null,null
2012-01-30,100.000000,100.050003,98.430000,98.779999,98.779999,253456
2012-01-31,98.879997,101.290001,97.860001,98.480003,98.480003,215829
2012-02-01,98.379997,99.489998,97.110001,97.610001,97.610001,373891
2012-02-02,97.110001,97.989998,95.440002,96.360001,96.360001,293554
2012-02-03,96.610001,98.029999,96.010002,97.839996,97.839996,331240
2012-02-05,null,null,null,null,null,null
2012-02-06,97.739998,97.750000,96.379997,96.910004,96.910004,318638
2012-02-07,97.129997,99.129997,95.839996,98.410004,98.410004,257715
2012-02-08,98.769997,100.089996,98.099998,98.709999,98.709999,415728
2012-02-09,99.099998,100.180000,98.660004,99.839996,99.839996,364737
2012-02-10,99.889999,99.889999,97.320000,98.669998,98.669998,295425
2012-02-12,null,null,null,null,null,null
2012-02-13,99.330002,101.000000,99.089996,100.910004,100.910004,307564
2012-02-14,100.730003,101.839996,100.279999,100.739998,100.739998,268062
2012-02-15,100.900002,102.540001,100.610001,101.800003,101.800003,314286
2012-02-16,101.900002,102.690002,100.839996,102.309998,102.309998,278272
2012-02-17,102.349998,104.139999,102.250000,103.239998,103.239998,197307
2012-02-19,null,null,null,null,null,null
2012-02-21,104.650002,106.070000,104.260002,105.839996,105.839996,134499
2012-02-22,106.010002,106.720001,105.610001,106.279999,106.279999,316239
2012-02-23,105.949997,108.739998,105.449997,107.830002,107.830002,241329
2012-02-24,108.660004,109.949997,107.949997,109.769997,109.769997,325662
2012-02-26,null,null,null,null,null,null
2012-02-27,109.669998,109.769997,107.269997,108.559998,108.559998,267713
2012-02-28,107.949997,108.790001,106.300003,106.550003,106.550003,277597
2012-02-29,106.459999,107.430000,104.839996,107.070000,107.070000,278723
2012-03-01,106.820000,110.550003,106.550003,108.839996,108.839996,353125
2012-03-02,108.750000,109.029999,105.800003,106.699997,106.699997,389838
2012-03-04,null,null,null,null,null,null
2012-03-05,106.750000,107.419998,105.500000,106.720001,106.720001,299664
2012-03-06,107.110001,107.339996,104.510002,104.699997,104.699997,237450
2012-03-07,104.930000,106.550003,104.349998,106.160004,106.160004,332561
2012-03-08,106.239998,107.199997,105.839996,106.580002,106.580002,333242
2012-03-09,106.910004,108.199997,106.129997,107.400002,107.400002,279597
2012-03-11,null,null,null,null,null,null
2012-03-12,107.500000,107.559998,105.379997,106.339996,106.339996,292694
2012-03-13,106.550003,107.349998,105.669998,106.709999,106.709999,234727
2012-03-14,106.690002,107.019997,105.120003,105.430000,105.430000,282350
2012-03-15,105.500000,106.180000,103.779999,105.110001,105.110001,283510
2012-03-16,105.440002,107.339996,105.129997,107.059998,107.059998,371039
2012-03-18,null,null,null,null,null,null
2012-03-19,107.180000,108.239998,106.550003,108.089996,108.089996,192992
2012-03-20,107.820000,107.910004,105.349998,105.610001,105.610001,110353
2012-03-21,106.330002,107.639999,106.059998,107.269997,107.269997,329535
2012-03-22,106.809998,107.120003,104.500000,105.349998,105.349998,252603
2012-03-23,105.519997,108.250000,105.160004,106.870003,106.870003,295474
2012-03-25,null,null,null,null,null,null
2012-03-26,106.790001,107.320000,106.190002,107.029999,107.029999,260269
2012-03-27,107.089996,107.730003,106.519997,107.330002,107.330002,162276
2012-03-28,106.809998,106.940002,104.669998,105.410004,105.410004,209036
2012-03-29,105.580002,105.699997,102.129997,102.779999,102.779999,309064
2012-03-30,103.290001,104.150002,102.779999,103.019997,103.019997,319988
2012-04-01,null,null,null,null,null,null
2012-04-02,103.269997,105.489998,102.059998,105.230003,105.230003,244155
2012-04-03,105.040001,105.180000,103.589996,104.010002,104.010002,278097
2012-04-04,104.089996,104.120003,101.080002,101.470001,101.470001,245541
2012-04-05,101.959999,103.400002,101.370003,103.309998,103.309998,300729
2012-04-08,null,null,null,null,null,null
2012-04-09,102.529999,102.599998,100.809998,102.459999,102.459999,242903
2012-04-10,102.330002,102.959999,100.680000,101.019997,101.019997,205924
2012-04-11,100.940002,103.129997,100.839996,102.699997,102.699997,312927
2012-04-12,102.550003,104.239998,102.389999,103.639999,103.639999,283008
2012-04-13,103.660004,103.900002,102.610001,102.830002,102.830002,271285
2012-04-15,null,null,null,null,null,null
2012-04-16,102.800003,103.370003,101.800003,102.930000,102.930000,227259
2012-04-17,103.150002,105.070000,102.660004,104.199997,104.199997,284959
2012-04-18,104.220001,104.510002,102.190002,102.669998,102.669998,244523
2012-04-19,102.730003,103.209999,101.669998,102.269997,102.269997,195812
2012-04-20,102.570000,104.269997,102.449997,103.050003,103.050003,91398
2012-04-22,null,null,null,null,null,null
2012-04-23,103.820000,103.900002,101.820000,103.110001,103.110001,225790
2012-04-24,103.110001,104.099998,102.790001,103.550003,103.550003,213202
2012-04-25,103.760002,104.570000,103.110001,104.120003,104.120003,196136
2012-04-26,103.959999,104.919998,103.839996,104.550003,104.550003,276652
2012-04-27,104.099998,105.000000,103.739998,104.930000,104.930000,192832
2012-04-29,null,null,null,null,null,null
2012-04-30,104.930000,105.160004,103.879997,104.870003,104.870003,182104
2012-05-01,104.889999,106.430000,104.389999,106.160004,106.160004,211453
2012-05-02,105.980003,106.050003,104.910004,105.220001,105.220001,245921
2012-05-03,105.389999,105.419998,102.360001,102.540001,102.540001,256649
2012-05-04,102.589996,102.720001,97.510002,98.489998,98.489998,316883
2012-05-06,null,null,null,null,null,null
2012-05-07,98.050003,98.239998,95.339996,97.940002,97.940002,443060
2012-05-08,97.959999,98.120003,95.519997,97.010002,97.010002,300474
2012-05-09,97.379997,97.389999,95.169998,96.809998,96.809998,333767
2012-05-10,96.449997,97.690002,96.080002,97.080002,97.080002,332865
2012-05-11,96.529999,97.199997,95.559998,96.129997,96.129997,282314
2012-05-13,null,null,null,null,null,null
2012-05-14,95.790001,95.830002,93.650002,94.779999,94.779999,260539
2012-05-15,93.910004,95.480003,93.019997,93.980003,93.980003,251994
2012-05-16,93.160004,94.160004,91.809998,92.809998,92.809998,284712
2012-05-17,92.769997,93.879997,92.089996,92.559998,92.559998,308371
2012-05-18,92.860001,92.879997,90.930000,91.480003,91.480003,280073
2012-05-20,null,null,null,null,null,null
2012-05-21,91.269997,93.059998,90.839996,92.570000,92.570000,211749
2012-05-22,92.639999,93.010002,91.400002,91.660004,91.660004,107239
2012-05-23,91.540001,91.720001,89.279999,89.900002,89.900002,226226
2012-05-24,90.529999,91.519997,89.809998,90.660004,90.660004,275522
2012-05-25,90.790001,91.320000,90.199997,90.860001,90.860001,231521
2012-05-27,null,null,null,null,null,null
2012-05-29,91.000000,92.209999,90.250000,90.760002,90.760002,153921
2012-05-30,90.860001,90.919998,87.269997,87.820000,87.820000,262562
2012-05-31,87.550003,88.279999,85.860001,86.529999,86.529999,297197
2012-06-01,86.440002,86.589996,82.290001,83.230003,83.230003,345433
2012-06-03,null,null,null,null,null,null
2012-06-04,82.959999,84.379997,81.209999,83.980003,83.980003,407579
2012-06-05,84.139999,84.919998,83.309998,84.290001,84.290001,309777
2012-06-06,84.120003,86.269997,84.029999,85.019997,85.019997,246358
2012-06-07,85.500000,87.029999,83.430000,84.820000,84.820000,313102
2012-06-08,83.629997,84.669998,82.000000,84.099998,84.099998,339002
2012-06-10,null,null,null,null,null,null
2012-06-11,85.720001,86.639999,81.110001,82.699997,82.699997,304641
2012-06-12,81.180000,83.720001,81.070000,83.320000,83.320000,343211
2012-06-13,83.510002,84.010002,82.150002,82.620003,82.620003,320803
2012-06-14,82.440002,84.419998,82.269997,83.910004,83.910004,327544
2012-06-15,84.330002,84.800003,83.419998,84.029999,84.029999,278944
2012-06-17,null,null,null,null,null,null
2012-06-18,85.089996,85.599998,82.040001,83.269997,83.269997,216554
2012-06-19,83.059998,84.410004,82.279999,84.029999,84.029999,216955
2012-06-20,84.040001,84.339996,80.910004,81.800003,81.800003,109008
2012-06-21,81.080002,81.199997,77.930000,78.199997,78.199997,413790
2012-06-22,78.110001,80.370003,77.559998,79.760002,79.760002,376969
2012-06-24,null,null,null,null,null,null
2012-06-25,80.199997,80.680000,78.029999,79.209999,79.209999,293224
2012-06-26,79.230003,79.680000,78.360001,79.360001,79.360001,249004
2012-06-27,79.470001,80.919998,78.680000,80.209999,80.209999,253304
2012-06-28,80.480003,80.839996,77.279999,77.690002,77.690002,253006
2012-06-29,78.459999,85.339996,78.279999,84.959999,84.959999,310148
2012-07-01,null,null,null,null,null,null
2012-07-02,84.650002,85.050003,82.099998,83.750000,83.750000,439010
2012-07-03,null,null,null,null,null,null
2012-07-05,87.750000,88.980003,86.500000,87.220001,87.220001,336186
2012-07-06,86.730003,87.129997,84.019997,84.449997,84.449997,368616
2012-07-08,null,null,null,null,null,null
2012-07-09,84.199997,86.480003,84.000000,85.989998,85.989998,296204
2012-07-10,85.839996,85.949997,83.650002,83.910004,83.910004,256901
2012-07-11,84.010002,86.489998,84.010002,85.809998,85.809998,291409
2012-07-12,86.199997,86.370003,84.209999,86.080002,86.080002,307821
2012-07-13,85.860001,87.610001,85.580002,87.099998,87.099998,240725
2012-07-15,null,null,null,null,null,null
2012-07-16,87.129997,88.480003,86.410004,88.430000,88.430000,260828
2012-07-17,88.260002,89.459999,87.410004,89.220001,89.220001,223124
2012-07-18,89.129997,90.040001,88.589996,89.870003,89.870003,262785
2012-07-19,90.080002,92.940002,89.860001,92.660004,92.660004,192847
2012-07-20,92.220001,92.300003,90.660004,91.440002,91.440002,102928
2012-07-22,null,null,null,null,null,null
2012-07-23,91.610001,91.639999,87.910004,88.139999,88.139999,249172
2012-07-24,88.050003,89.089996,87.430000,88.500000,88.500000,290355
2012-07-25,88.199997,89.360001,86.839996,88.970001,88.970001,309865
2012-07-26,89.099998,90.470001,88.070000,89.389999,89.389999,289552
2012-07-27,89.430000,90.449997,89.129997,90.129997,90.129997,233400
2012-07-29,null,null,null,null,null,null
2012-07-30,90.139999,90.949997,89.330002,89.779999,89.779999,210412
2012-07-31,89.669998,90.300003,87.309998,88.059998,88.059998,191095
2012-08-01,88.029999,89.470001,87.510002,88.910004,88.910004,282851
2012-08-02,88.870003,89.629997,86.919998,87.129997,87.129997,281204
2012-08-03,87.260002,91.739998,87.230003,91.400002,91.400002,302698
2012-08-05,null,null,null,null,null,null
2012-08-06,91.339996,92.330002,90.629997,92.199997,92.199997,301783
2012-08-07,92.050003,94.419998,91.779999,93.669998,93.669998,194374
2012-08-08,93.410004,94.720001,92.820000,93.349998,93.349998,260012
2012-08-09,93.430000,94.209999,93.070000,93.360001,93.360001,269931
2012-08-10,93.459999,93.870003,91.709999,92.870003,92.870003,258637
2012-08-12,null,null,null,null,null,null
2012-08-13,93.250000,94.139999,92.050003,92.730003,92.730003,224512
2012-08-14,92.709999,93.919998,92.559998,93.430000,93.430000,280268
2012-08-15,93.250000,94.900002,92.680000,94.330002,94.330002,200411
2012-08-16,94.209999,95.750000,93.930000,95.599998,95.599998,281643
2012-08-17,95.230003,96.279999,94.980003,96.010002,96.010002,212628
2012-08-19,null,null,null,null,null,null
2012-08-20,96.360001,96.529999,95.019997,95.970001,95.970001,162591
2012-08-21,95.970001,97.599998,95.809998,96.680000,96.680000,113309
2012-08-22,96.940002,97.540001,96.260002,97.260002,97.260002,220192
2012-08-23,97.300003,98.290001,95.750000,96.269997,96.269997,217435
2012-08-24,96.059998,97.169998,95.410004,96.150002,96.150002,225156
2012-08-26,null,null,null,null,null,null
2012-08-27,96.669998,97.720001,94.410004,95.470001,95.470001,204231
2012-08-28,95.660004,96.540001,95.139999,96.330002,96.330002,230844
2012-08-29,96.080002,96.370003,94.760002,95.489998,95.489998,198458
2012-08-30,95.300003,95.599998,93.949997,94.620003,94.620003,185887
2012-08-31,94.750000,96.919998,94.510002,96.470001,96.470001,192455
2012-09-02,null,null,null,null,null,null
2012-09-04,96.379997,97.370003,94.970001,95.300003,95.300003,249063
2012-09-05,95.610001,96.029999,94.260002,95.360001,95.360001,256147
2012-09-06,96.000000,97.709999,94.589996,95.529999,95.529999,233044
2012-09-07,94.699997,96.739998,94.080002,96.419998,96.419998,327082
2012-09-09,null,null,null,null,null,null
2012-09-10,96.239998,96.629997,95.339996,96.540001,96.540001,293026
2012-09-11,96.290001,97.309998,96.080002,97.169998,97.169998,221996
2012-09-12,96.849998,98.059998,96.309998,97.010002,97.010002,222006
2012-09-13,96.930000,98.580002,96.510002,98.309998,98.309998,223528
2012-09-14,98.040001,100.419998,97.989998,99.000000,99.000000,291055
2012-09-16,null,null,null,null,null,null
2012-09-17,99.150002,99.519997,94.650002,96.620003,96.620003,271794
2012-09-18,96.709999,97.230003,95.110001,95.290001,95.290001,308274
2012-09-19,95.489998,96.169998,91.250000,91.980003,91.980003,196211
2012-09-20,91.769997,92.370003,90.660004,91.870003,91.870003,133035
2012-09-21,92.930000,93.839996,92.589996,92.889999,92.889999,244553
2012-09-23,null,null,null,null,null,null
2012-09-24,93.180000,93.180000,91.059998,91.930000,91.930000,181036
2012-09-25,92.110001,93.199997,90.570000,91.370003,91.370003,188315
2012-09-26,90.820000,91.339996,88.949997,89.980003,89.980003,239024
2012-09-27,90.080002,92.389999,89.879997,91.849998,91.849998,272057
2012-09-28,92.349998,92.709999,91.400002,92.190002,92.190002,237289
2012-09-30,null,null,null,null,null,null
2012-10-01,92.150002,93.330002,91.260002,92.480003,92.480003,210195
2012-10-02,92.410004,92.940002,91.620003,91.889999,91.889999,216005
2012-10-03,91.639999,91.820000,87.699997,88.139999,88.139999,177728
2012-10-04,88.010002,91.839996,87.910004,91.709999,91.709999,339506
2012-10-05,91.510002,91.709999,89.010002,89.879997,89.879997,291389
2012-10-07,null,null,null,null,null,null
2012-10-08,89.849998,89.889999,88.209999,89.330002,89.330002,279131
2012-10-09,89.620003,92.910004,89.290001,92.389999,92.389999,202688
2012-10-10,92.260002,93.660004,91.019997,91.250000,91.250000,378040
2012-10-11,91.269997,92.940002,91.089996,92.070000,92.070000,303502
2012-10-12,92.410004,92.639999,91.160004,91.860001,91.860001,300087
2012-10-14,null,null,null,null,null,null
2012-10-15,91.629997,92.199997,89.790001,91.849998,91.849998,198462
2012-10-16,91.760002,92.320000,91.300003,92.089996,92.089996,269016
2012-10-17,92.080002,92.849998,91.550003,92.120003,92.120003,232217
2012-10-18,92.059998,92.589996,90.660004,92.099998,92.099998,226343
2012-10-19,92.040001,93.050003,89.830002,90.050003,90.050003,184654
2012-10-21,null,null,null,null,null,null
2012-10-22,89.519997,90.800003,88.199997,88.730003,88.730003,123648
2012-10-23,89.139999,89.290001,85.690002,86.669998,86.669998,275720
2012-10-24,86.599998,87.470001,84.940002,85.730003,85.730003,309492
2012-10-25,85.650002,86.750000,85.230003,86.050003,86.050003,298160
2012-10-26,86.000000,86.370003,85.000000,86.279999,86.279999,208678
2012-10-28,null,null,null,null,null,null
2012-10-31,85.730003,87.190002,85.610001,86.239998,86.239998,106222
2012-11-01,86.099998,87.419998,85.919998,87.089996,87.089996,212577
2012-11-02,86.910004,87.239998,84.660004,84.860001,84.860001,197179
2012-11-04,null,null,null,null,null,null
2012-11-05,84.650002,85.900002,84.339996,85.650002,85.650002,297311
2012-11-06,85.669998,89.220001,85.419998,88.709999,88.709999,221397
2012-11-07,88.419998,88.800003,84.050003,84.440002,84.440002,303429
2012-11-08,84.519997,85.699997,84.220001,85.089996,85.089996,422211
2012-11-09,85.000000,86.769997,84.129997,86.070000,86.070000,296599
2012-11-11,null,null,null,null,null,null
2012-11-12,86.190002,86.540001,85.269997,85.570000,85.570000,322403
2012-11-13,85.589996,85.949997,84.570000,85.379997,85.379997,280690
2012-11-14,85.370003,86.650002,84.930000,86.320000,86.320000,352247
2012-11-15,86.360001,86.830002,84.680000,85.449997,85.449997,265306
2012-11-16,85.279999,87.010002,85.019997,86.669998,86.669998,168098
2012-11-18,null,null,null,null,null,null
2012-11-19,87.300003,89.800003,87.110001,89.279999,89.279999,271209
2012-11-20,89.150002,89.190002,86.169998,86.750000,86.750000,247078
2012-11-21,87.279999,87.889999,86.370003,87.379997,87.379997,322630
2012-11-23,null,null,null,null,null,null
2012-11-25,null,null,null,null,null,null
2012-11-26,88.209999,88.290001,87.269997,87.739998,87.739998,104944
2012-11-27,87.820000,88.250000,86.830002,87.180000,87.180000,156593
2012-11-28,87.330002,87.339996,85.360001,86.489998,86.489998,210470
2012-11-29,86.570000,88.690002,86.550003,88.070000,88.070000,249744
2012-11-30,87.660004,88.989998,87.470001,88.910004,88.910004,270030
2012-12-02,null,null,null,null,null,null
2012-12-03,88.849998,90.330002,88.660004,89.089996,89.089996,216206
2012-12-04,88.930000,89.180000,87.570000,88.500000,88.500000,235987
2012-12-05,88.500000,89.050003,87.459999,87.879997,87.879997,206265
2012-12-06,87.870003,88.230003,85.680000,86.260002,86.260002,220850
2012-12-07,86.389999,86.919998,85.769997,85.930000,85.930000,269293
2012-12-09,null,null,null,null,null,null
2012-12-10,85.980003,86.779999,85.330002,85.559998,85.559998,244993
2012-12-11,85.699997,86.370003,85.209999,85.790001,85.790001,211603
2012-12-12,85.690002,87.680000,85.680000,86.769997,86.769997,217859
2012-12-13,86.769997,86.970001,85.809998,85.889999,85.889999,300353
2012-12-14,86.129997,86.919998,86.050003,86.730003,86.730003,228417
2012-12-16,null,null,null,null,null,null
2012-12-17,86.879997,87.709999,86.480003,87.199997,87.199997,218265
2012-12-18,87.449997,88.160004,87.209999,87.930000,87.930000,157226
2012-12-19,87.940002,89.900002,87.809998,89.510002,89.510002,93130
2012-12-20,89.690002,90.540001,89.260002,90.129997,90.129997,233083
2012-12-21,90.019997,90.070000,87.959999,88.660004,88.660004,178144
2012-12-23,null,null,null,null,null,null
2012-12-24,null,null,null,null,null,null
2012-12-26,88.620003,91.300003,88.589996,90.980003,90.980003,48516
2012-12-27,91.000000,91.440002,90.050003,90.870003,90.870003,141598
2012-12-28,91.150002,91.489998,90.320000,90.800003,90.800003,152771
2012-12-30,null,null,null,null,null,null
2012-12-31,90.410004,91.989998,90.000000,91.820000,91.820000,131374
2013-01-02,91.779999,93.870003,91.559998,93.120003,93.120003,119525
2013-01-03,92.910004,93.300003,92.489998,92.919998,92.919998,203865
2013-01-04,92.860001,93.209999,91.519997,93.089996,93.089996,189812
2013-01-06,null,null,null,null,null,null
2013-01-07,93.209999,93.349998,92.419998,93.190002,93.190002,210747
2013-01-08,93.320000,93.800003,92.669998,93.150002,93.150002,166292
2013-01-09,93.150002,93.650002,92.680000,93.099998,93.099998,195867
2013-01-10,93.190002,94.699997,93.080002,93.820000,93.820000,201385
2013-01-11,93.870003,94.129997,92.650002,93.559998,93.559998,279295
2013-01-13,null,null,null,null,null,null
2013-01-14,93.739998,94.290001,92.949997,94.139999,94.139999,257821
2013-01-15,94.199997,94.440002,93.220001,93.279999,93.279999,248600
2013-01-16,93.400002,94.360001,93.099998,94.239998,94.239998,248136
2013-01-17,94.190002,96.040001,93.800003,95.489998,95.489998,241531
2013-01-18,95.190002,95.669998,94.910004,95.559998,95.559998,178285
2013-01-20,null,null,null,null,null,null
2013-01-22,95.250000,96.400002,94.980003,96.239998,96.239998,118549
2013-01-23,96.760002,96.919998,94.949997,95.230003,95.230003,236391
2013-01-24,95.500000,96.680000,95.120003,95.949997,95.949997,318008
2013-01-25,95.949997,96.559998,95.430000,95.879997,95.879997,232035
2013-01-27,null,null,null,null,null,null
2013-01-28,96.040001,96.809998,95.470001,96.440002,96.440002,184873
2013-01-29,96.459999,97.820000,96.290001,97.570000,97.570000,167186
2013-01-30,97.320000,98.239998,97.320000,97.940002,97.940002,252931
2013-01-31,97.959999,98.040001,96.839996,97.489998,97.489998,211277
2013-02-01,97.419998,98.150002,96.510002,97.769997,97.769997,230630
2013-02-03,null,null,null,null,null,null
2013-02-04,97.720001,97.760002,95.889999,96.169998,96.169998,270275
2013-02-05,96.129997,97.070000,95.910004,96.639999,96.639999,196975
2013-02-06,96.639999,96.989998,95.040001,96.620003,96.620003,188841
2013-02-07,96.860001,97.209999,95.540001,95.830002,95.830002,282803
2013-02-08,95.919998,96.570000,95.269997,95.720001,95.720001,275474
2013-02-10,null,null,null,null,null,null
2013-02-11,95.790001,97.089996,94.970001,97.029999,97.029999,229242
2013-02-12,96.959999,97.790001,96.680000,97.510002,97.510002,283956
2013-02-13,97.589996,98.110001,96.629997,97.010002,97.010002,239796
2013-02-14,97.169998,97.709999,96.769997,97.309998,97.309998,246437
2013-02-15,97.339996,97.470001,95.209999,95.860001,95.860001,174599
2013-02-17,null,null,null,null,null,null
2013-02-19,95.970001,96.730003,95.250000,96.660004,96.660004,223592
2013-02-20,96.660004,97.070000,93.919998,94.459999,94.459999,118307
2013-02-21,94.720001,94.919998,92.629997,92.839996,92.839996,338967
2013-02-22,92.959999,93.480003,92.440002,93.129997,93.129997,286434
2013-02-24,null,null,null,null,null,null
2013-02-25,93.230003,94.459999,92.070000,93.110001,93.110001,204258
2013-02-26,91.919998,93.440002,91.919998,92.629997,92.629997,217519
2013-02-27,92.720001,93.370003,92.180000,92.760002,92.760002,230836
2013-02-28,92.889999,93.180000,91.570000,92.050003,92.050003,201512
2013-03-01,91.760002,91.970001,90.040001,90.680000,90.680000,218119
2013-03-03,null,null,null,null,null,null
2013-03-04,90.709999,90.910004,89.330002,90.120003,90.120003,248466
2013-03-05,90.230003,90.989998,90.019997,90.820000,90.820000,231108
2013-03-06,90.830002,91.169998,89.550003,90.430000,90.430000,209874
2013-03-07,90.419998,91.730003,90.220001,91.559998,91.559998,244168
2013-03-08,91.419998,92.029999,90.830002,91.949997,91.949997,234921
2013-03-10,null,null,null,null,null,null
2013-03-11,91.830002,92.150002,90.889999,92.059998,92.059998,219961
2013-03-12,91.940002,93.470001,91.599998,92.540001,92.540001,194607
2013-03-13,92.620003,93.400002,91.910004,92.519997,92.519997,283114
2013-03-14,92.510002,93.250000,92.010002,93.029999,93.029999,251336
2013-03-15,93.150002,93.839996,93.000000,93.449997,93.449997,174701
2013-03-17,null,null,null,null,null,null
2013-03-18,93.260002,93.940002,91.760002,93.739998,93.739998,175611
2013-03-19,93.800003,94.089996,92.029999,92.160004,92.160004,151208
2013-03-20,92.089996,93.300003,92.089996,92.959999,92.959999,96796
2013-03-21,93.400002,93.529999,91.839996,92.449997,92.449997,226790
2013-03-22,92.330002,93.940002,92.330002,93.709999,93.709999,214131
2013-03-24,null,null,null,null,null,null
2013-03-25,93.720001,95.650002,93.699997,94.809998,94.809998,202666
2013-03-26,94.750000,96.449997,94.669998,96.339996,96.339996,270651
2013-03-27,96.180000,96.839996,95.580002,96.580002,96.580002,214345
2013-03-28,96.680000,97.349998,96.260002,97.230003,97.230003,207777
2013-03-29,null,null,null,null,null,null
2013-03-31,null,null,null,null,null,null
2013-04-01,97.360001,97.800003,95.919998,97.070000,97.070000,174390
2013-04-02,97.000000,97.440002,95.910004,97.190002,97.190002,192396
2013-04-03,96.930000,96.959999,94.180000,94.449997,94.449997,209877
2013-04-04,94.500000,94.839996,92.120003,93.260002,93.260002,302235
2013-04-05,93.360001,93.570000,91.910004,92.699997,92.699997,355321
2013-04-07,null,null,null,null,null,null
2013-04-08,93.019997,93.750000,92.459999,93.360001,93.360001,267276
2013-04-09,93.489998,94.480003,92.860001,94.199997,94.199997,212117
2013-04-10,93.959999,94.820000,93.400002,94.639999,94.639999,234720
2013-04-11,94.559998,94.639999,93.059998,93.510002,93.510002,248557
2013-04-12,93.489998,93.519997,90.269997,91.290001,91.290001,222439
2013-04-14,null,null,null,null,null,null
2013-04-15,90.949997,90.980003,87.199997,88.709999,88.709999,325580
2013-04-16,87.419998,88.959999,86.059998,88.720001,88.720001,362524
2013-04-17,88.800003,89.089996,86.059998,86.680000,86.680000,287410
2013-04-18,86.389999,88.510002,85.610001,87.730003,87.730003,294274
2013-04-19,88.370003,88.790001,87.559998,88.010002,88.010002,228200
2013-04-21,null,null,null,null,null,null
2013-04-22,87.959999,89.129997,87.550003,88.760002,88.760002,100652
2013-04-23,89.279999,89.599998,87.800003,89.180000,89.180000,238730
2013-04-24,89.599998,91.720001,89.209999,91.430000,91.430000,288801
2013-04-25,91.580002,93.870003,91.110001,93.639999,93.639999,257736
2013-04-26,93.239998,93.580002,92.059998,93.000000,93.000000,270121
2013-04-28,null,null,null,null,null,null
2013-04-29,92.699997,94.690002,92.430000,94.500000,94.500000,240966
2013-04-30,94.419998,94.620003,92.860001,93.459999,93.459999,214608
2013-05-01,93.080002,93.260002,90.110001,91.029999,91.029999,277499
2013-05-02,91.000000,94.250000,90.650002,93.989998,93.989998,332382
2013-05-03,93.989998,96.040001,93.559998,95.610001,95.610001,310808
2013-05-05,null,null,null,null,null,null
2013-05-06,95.580002,97.169998,94.849998,96.160004,96.160004,297522
2013-05-07,95.790001,96.260002,94.919998,95.620003,95.620003,271004
2013-05-08,95.559998,96.769997,95.239998,96.620003,96.620003,260141
2013-05-09,96.599998,96.769997,95.349998,96.389999,96.389999,276315
2013-05-10,96.160004,96.239998,93.370003,96.040001,96.040001,272196
2013-05-12,null,null,null,null,null,null
2013-05-13,95.760002,95.809998,94.470001,95.169998,95.169998,354119
2013-05-14,94.930000,95.660004,93.849998,94.209999,94.209999,297036
2013-05-15,94.129997,94.440002,92.129997,94.300003,94.300003,269403
2013-05-16,94.339996,95.570000,93.230003,95.160004,95.160004,360684
2013-05-17,95.150002,96.449997,94.790001,96.019997,96.019997,297863
2013-05-19,null,null,null,null,null,null
2013-05-20,95.930000,97.110001,95.230003,96.709999,96.709999,187754
2013-05-21,96.699997,96.970001,95.500000,96.160004,96.160004,118621
2013-05-22,95.900002,96.190002,94.010002,94.279999,94.279999,259159
2013-05-23,94.180000,94.459999,92.209999,94.250000,94.250000,336497
2013-05-24,94.370003,94.389999,93.040001,94.150002,94.150002,323633
2013-05-26,null,null,null,null,null,null
2013-05-28,93.889999,95.919998,93.230003,95.010002,95.010002,203991
2013-05-29,95.050003,95.220001,92.830002,93.129997,93.129997,240990
2013-05-30,92.889999,93.989998,91.650002,93.610001,93.610001,293461
2013-05-31,93.639999,93.849998,91.559998,91.970001,91.970001,294855
2013-06-02,null,null,null,null,null,null
2013-06-03,91.730003,93.699997,91.260002,93.449997,93.449997,267978
2013-06-04,93.349998,94.410004,92.379997,93.309998,93.309998,287474
2013-06-05,93.860001,94.480003,93.410004,93.739998,93.739998,301136
2013-06-06,93.699997,95.320000,93.690002,94.760002,94.760002,268909
2013-06-07,94.720001,96.389999,93.720001,96.029999,96.029999,267164
2013-06-09,null,null,null,null,null,null
2013-06-10,96.089996,96.250000,95.190002,95.769997,95.769997,330833
2013-06-11,95.760002,95.910004,94.040001,95.379997,95.379997,234601
2013-06-12,94.889999,96.449997,94.459999,95.879997,95.879997,257474
2013-06-13,95.769997,96.919998,95.019997,96.690002,96.690002,244870
2013-06-14,96.639999,98.250000,96.419998,97.849998,97.849998,224449
2013-06-16,null,null,null,null,null,null
2013-06-17,97.849998,98.739998,97.379997,97.769997,97.769997,240906
2013-06-18,97.930000,98.669998,97.410004,98.440002,98.440002,242794
2013-06-19,98.589996,99.010002,97.570000,98.239998,98.239998,145618
2013-06-20,98.019997,98.029999,94.889999,95.400002,95.400002,111300
2013-06-21,94.959999,95.839996,93.120003,93.690002,93.690002,376229
2013-06-23,null,null,null,null,null,null
2013-06-24,93.849998,95.589996,92.669998,95.180000,95.180000,340903
2013-06-25,95.019997,96.169998,94.589996,95.320000,95.320000,315821
2013-06-26,95.169998,95.699997,93.680000,95.500000,95.500000,267541
2013-06-27,95.519997,97.410004,95.349998,97.050003,97.050003,291417
2013-06-28,96.809998,97.820000,96.330002,96.559998,96.559998,269312
2013-06-30,null,null,null,null,null,null
2013-07-01,96.580002,98.279999,96.070000,97.989998,97.989998,247607
2013-07-02,98.059998,99.870003,97.779999,99.599998,99.599998,229193
2013-07-03,null,null,null,null,null,null
2013-07-05,101.089996,103.680000,100.709999,103.220001,103.220001,353250
2013-07-07,null,null,null,null,null,null
2013-07-08,103.949997,104.120003,102.129997,103.139999,103.139999,256027
2013-07-09,103.000000,104.760002,102.309998,103.529999,103.529999,253202
2013-07-10,104.570000,106.660004,104.209999,106.519997,106.519997,285670
2013-07-11,106.150002,107.449997,104.309998,104.910004,104.910004,404821
2013-07-12,104.580002,106.330002,104.360001,105.949997,105.949997,316730
2013-07-14,null,null,null,null,null,null
2013-07-15,106.050003,106.629997,104.650002,106.320000,106.320000,234756
2013-07-16,106.440002,107.180000,105.660004,106.000000,106.000000,210806
2013-07-17,105.779999,106.599998,105.110001,106.480003,106.480003,250921
2013-07-18,106.559998,108.430000,106.150002,108.040001,108.040001,262789
2013-07-19,108.120003,109.320000,107.480003,108.050003,108.050003,155963
2013-07-21,null,null,null,null,null,null
2013-07-22,108.339996,108.790001,106.430000,106.910004,106.910004,112373
2013-07-23,107.000000,107.550003,105.459999,107.230003,107.230003,283866
2013-07-24,107.360001,107.519997,104.790001,105.389999,105.389999,241640
2013-07-25,105.370003,105.870003,104.080002,105.489998,105.489998,278262
2013-07-26,105.559998,105.629997,103.900002,104.699997,104.699997,270580
2013-07-28,null,null,null,null,null,null
2013-07-29,104.610001,105.370003,103.870003,104.550003,104.550003,208855
2013-07-30,104.519997,104.540001,102.669998,103.080002,103.080002,206326
2013-07-31,103.150002,105.430000,102.930000,105.029999,105.029999,235605
2013-08-01,105.260002,108.059998,105.099998,107.889999,107.889999,299127
2013-08-02,107.800003,108.820000,106.449997,106.940002,106.940002,267594
2013-08-04,null,null,null,null,null,null
2013-08-05,106.839996,107.690002,105.699997,106.559998,106.559998,249314
2013-08-06,106.480003,107.269997,104.860001,105.300003,105.300003,204860
2013-08-07,105.680000,105.769997,104.099998,104.370003,104.370003,272996
2013-08-08,104.180000,104.959999,102.220001,103.400002,103.400002,294242
2013-08-09,103.870003,106.239998,103.620003,105.970001,105.970001,320070
2013-08-11,null,null,null,null,null,null
2013-08-12,105.839996,106.459999,105.029999,106.110001,106.110001,303796
2013-08-13,106.150002,107.199997,105.559998,106.830002,106.830002,257139
2013-08-14,106.540001,107.059998,105.599998,106.849998,106.849998,276773
2013-08-15,106.980003,107.870003,106.599998,107.330002,107.330002,270921
2013-08-16,107.180000,108.169998,106.559998,107.459999,107.459999,251868
2013-08-18,null,null,null,null,null,null
2013-08-19,107.779999,107.800003,106.559998,107.099998,107.099998,179859
2013-08-20,106.930000,107.099998,104.500000,104.970001,104.970001,102781
2013-08-21,105.180000,105.349998,103.500000,103.849998,103.849998,361065
2013-08-22,103.879997,105.250000,103.529999,105.029999,105.029999,259243
2013-08-23,105.220001,106.940002,104.300003,106.419998,106.419998,204692
2013-08-25,null,null,null,null,null,null
2013-08-26,106.910004,107.370003,105.559998,105.919998,105.919998,259545
2013-08-27,106.139999,109.320000,105.879997,109.010002,109.010002,165995
2013-08-28,109.220001,112.239998,109.110001,110.099998,110.099998,295934
2013-08-29,109.529999,110.070000,107.720001,108.800003,108.800003,336171
2013-08-30,108.169998,108.750000,106.750000,107.650002,107.650002,250038
2013-09-01,null,null,null,null,null,null
2013-09-03,107.070000,108.830002,104.209999,108.540001,108.540001,250038
2013-09-04,108.440002,108.610001,106.769997,107.230003,107.230003,288018
2013-09-05,107.589996,108.540001,107.129997,108.370003,108.370003,224377
2013-09-06,108.519997,110.699997,108.120003,110.529999,110.529999,184889
2013-09-08,null,null,null,null,null,null
2013-09-09,110.279999,110.459999,108.760002,109.519997,109.519997,269866
2013-09-10,108.919998,108.949997,106.389999,107.389999,107.389999,266915
2013-09-11,107.360001,108.089996,106.529999,107.559998,107.559998,325314
2013-09-12,107.769997,109.160004,107.300003,108.599998,108.599998,238235
2013-09-13,108.639999,108.739998,107.230003,108.209999,108.209999,249780
2013-09-15,null,null,null,null,null,null
2013-09-16,107.500000,108.000000,106.059998,106.589996,106.589996,207037
2013-09-17,106.220001,106.430000,104.940002,105.419998,105.419998,282888
2013-09-18,105.529999,108.489998,105.320000,108.070000,108.070000,304851
2013-09-19,108.220001,108.989998,106.080002,106.389999,106.389999,199888
2013-09-20,106.370003,106.459999,104.320000,104.680000,104.680000,139835
2013-09-22,null,null,null,null,null,null
2013-09-23,104.889999,105.120003,103.120003,103.589996,103.589996,250360
2013-09-24,103.440002,103.639999,102.300003,103.129997,103.129997,223392
2013-09-25,103.410004,103.959999,102.199997,102.660004,102.660004,259543
2013-09-26,102.300003,103.290001,102.199997,103.029999,103.029999,236195
2013-09-27,102.910004,103.769997,102.360001,102.870003,102.870003,183778
2013-09-29,null,null,null,null,null,null
2013-09-30,102.459999,102.760002,101.050003,102.330002,102.330002,232299
2013-10-01,102.309998,102.580002,101.059998,102.040001,102.040001,226707
2013-10-02,101.620003,104.230003,101.430000,104.099998,104.099998,223028
2013-10-03,103.820000,104.379997,102.870003,103.309998,103.309998,300526
2013-10-04,102.919998,104.190002,102.900002,103.839996,103.839996,226225
2013-10-06,null,null,null,null,null,null
2013-10-07,103.449997,103.739998,101.860001,103.029999,103.029999,165197
2013-10-08,103.160004,104.080002,102.849998,103.489998,103.489998,269025
2013-10-09,103.489998,103.750000,101.180000,101.610001,101.610001,194195
2013-10-10,101.459999,103.570000,101.160004,103.010002,103.010002,283131
2013-10-11,102.940002,102.949997,100.599998,102.019997,102.019997,296858
2013-10-13,null,null,null,null,null,null
2013-10-14,101.370003,102.620003,101.059998,102.410004,102.410004,298216
2013-10-15,102.190002,102.459999,100.870003,101.209999,101.209999,170674
2013-10-16,100.879997,102.970001,100.750000,102.290001,102.290001,240218
2013-10-17,102.129997,102.320000,100.029999,100.669998,100.669998,235236
2013-10-18,100.720001,101.709999,100.510002,100.809998,100.809998,266625
2013-10-20,null,null,null,null,null,null
2013-10-21,100.629997,100.949997,98.980003,99.220001,99.220001,116680
2013-10-22,99.059998,99.769997,97.500000,97.800003,97.800003,90824
2013-10-23,98.120003,98.290001,96.160004,96.860001,96.860001,347314
2013-10-24,97.099998,97.690002,95.949997,97.110001,97.110001,356194
2013-10-25,97.190002,98.059998,96.989998,97.849998,97.849998,248742
2013-10-27,null,null,null,null,null,null
2013-10-28,97.879997,98.820000,97.370003,98.680000,98.680000,192632
2013-10-29,98.540001,98.570000,97.690002,98.199997,98.199997,230155
2013-10-30,97.769997,97.820000,96.550003,96.769997,96.769997,183243
2013-10-31,96.620003,97.029999,96.029999,96.379997,96.379997,268138
2013-11-01,96.320000,96.650002,94.360001,94.610001,94.610001,255401
2013-11-03,null,null,null,null,null,null
2013-11-04,94.519997,95.110001,94.059998,94.620003,94.620003,282138
2013-11-05,94.470001,94.900002,93.070000,93.370003,93.370003,219109
2013-11-06,93.739998,95.400002,93.650002,94.800003,94.800003,226454
2013-11-07,94.910004,95.309998,93.800003,94.199997,94.199997,282722
2013-11-08,94.360001,94.919998,93.900002,94.599998,94.599998,260597
2013-11-10,null,null,null,null,null,null
2013-11-11,94.449997,95.379997,94.110001,95.139999,95.139999,241690
2013-11-12,95.000000,95.220001,92.860001,93.040001,93.040001,206721
2013-11-13,93.070000,94.540001,92.930000,93.879997,93.879997,353689
2013-11-14,93.500000,94.430000,92.510002,93.760002,93.760002,305009
2013-11-15,93.889999,94.550003,93.580002,93.839996,93.839996,315066
2013-11-17,null,null,null,null,null,null
2013-11-18,93.779999,94.300003,92.720001,93.029999,93.029999,204366
2013-11-19,93.000000,93.459999,92.430000,93.339996,93.339996,169443
2013-11-20,93.330002,93.930000,92.730003,93.330002,93.330002,131463
2013-11-21,93.730003,95.629997,93.470001,95.440002,95.440002,225891
2013-11-22,95.290001,95.570000,94.050003,94.839996,94.839996,222138
2013-11-24,null,null,null,null,null,null
2013-11-25,94.150002,94.500000,93.080002,94.089996,94.089996,257843
2013-11-26,94.209999,94.690002,93.430000,93.680000,93.680000,270860
2013-11-27,93.500000,93.599998,91.769997,92.300003,92.300003,160178
2013-11-29,null,null,null,null,null,null
2013-12-01,null,null,null,null,null,null
2013-12-02,92.709999,94.080002,92.559998,93.820000,93.820000,143205
2013-12-03,93.860001,96.959999,93.669998,96.040001,96.040001,234800
2013-12-04,96.900002,97.580002,96.300003,97.199997,97.199997,319271
2013-12-05,97.330002,97.989998,97.010002,97.379997,97.379997,325857
2013-12-06,97.379997,98.070000,97.080002,97.650002,97.650002,216392
2013-12-08,null,null,null,null,null,null
2013-12-09,97.660004,97.970001,97.099998,97.339996,97.339996,223944
2013-12-10,97.250000,98.739998,97.239998,98.510002,98.510002,210090
2013-12-11,98.650002,98.750000,97.199997,97.440002,97.440002,264838
2013-12-12,97.550003,98.180000,97.309998,97.500000,97.500000,274194
2013-12-13,97.580002,97.620003,96.260002,96.599998,96.599998,205749
2013-12-15,null,null,null,null,null,null
2013-12-16,96.550003,97.690002,96.209999,97.480003,97.480003,233161
2013-12-17,97.300003,97.900002,97.000000,97.220001,97.220001,187591
2013-12-18,97.300003,98.010002,97.019997,97.800003,97.800003,120127
2013-12-19,97.690002,99.169998,97.500000,98.769997,98.769997,84627
2013-12-20,98.699997,99.400002,98.540001,99.320000,99.320000,192782
2013-12-22,null,null,null,null,null,null
2013-12-23,99.199997,99.309998,98.639999,98.910004,98.910004,151281
2013-12-24,null,null,null,null,null,null
2013-12-26,99.199997,99.699997,99.050003,99.550003,99.550003,51877
2013-12-27,99.629997,100.750000,99.370003,100.320000,100.320000,65666
2013-12-29,null,null,null,null,null,null
2013-12-30,100.150002,100.419998,99.129997,99.290001,99.290001,127198
2013-12-31,99.250000,99.389999,98.150002,98.419998,98.419998,118356
2014-01-02,98.500000,98.970001,95.339996,95.440002,95.440002,113907
2014-01-03,95.470001,95.739998,93.860001,93.959999,93.959999,251248
2014-01-05,null,null,null,null,null,null
2014-01-06,94.180000,94.589996,93.199997,93.430000,93.430000,215522
2014-01-07,93.599998,94.220001,93.349998,93.669998,93.669998,189379
2014-01-08,93.959999,94.180000,92.260002,92.330002,92.330002,177182
2014-01-09,92.580002,92.930000,91.239998,91.660004,91.660004,244855
2014-01-10,92.300003,93.379997,91.989998,92.720001,92.720001,255784
2014-01-12,null,null,null,null,null,null
2014-01-13,92.830002,92.879997,91.430000,91.800003,91.800003,255988
2014-01-14,91.510002,92.879997,91.500000,92.589996,92.589996,212208
2014-01-15,92.650002,94.639999,92.430000,94.169998,94.169998,243474
2014-01-16,94.290001,94.639999,93.599998,93.959999,93.959999,263295
2014-01-17,94.169998,94.940002,93.940002,94.370003,94.370003,165135
2014-01-19,null,null,null,null,null,null
2014-01-21,94.000000,95.230003,93.430000,94.989998,94.989998,119887
2014-01-22,95.199997,96.889999,95.120003,96.730003,96.730003,244861
2014-01-23,96.690002,97.839996,96.410004,97.320000,97.320000,252349
2014-01-24,97.370003,97.800003,96.250000,96.639999,96.639999,274078
2014-01-26,null,null,null,null,null,null
2014-01-27,96.900002,97.180000,95.209999,95.720001,95.720001,239673
2014-01-28,95.660004,97.660004,95.629997,97.410004,97.410004,235110
2014-01-29,97.169998,97.750000,96.320000,97.360001,97.360001,206490
2014-01-30,97.419998,98.589996,97.330002,98.230003,98.230003,200486
2014-01-31,97.970001,98.389999,97.099998,97.489998,97.489998,199420
2014-02-02,null,null,null,null,null,null
2014-02-03,97.400002,97.940002,96.260002,96.430000,96.430000,253457
2014-02-04,96.529999,97.820000,96.370003,97.190002,97.190002,293312
2014-02-05,97.669998,98.260002,96.800003,97.379997,97.379997,204282
2014-02-06,97.250000,98.830002,97.250000,97.839996,97.839996,237671
2014-02-07,97.970001,100.239998,97.110001,99.879997,99.879997,234281
2014-02-09,null,null,null,null,null,null
2014-02-10,100.050003,100.550003,99.110001,100.059998,100.059998,270407
2014-02-11,99.970001,100.599998,99.599998,99.940002,99.940002,251127
2014-02-12,100.459999,101.379997,100.040001,100.370003,100.370003,233933
2014-02-13,100.269997,100.660004,99.400002,100.349998,100.349998,318686
2014-02-14,100.339996,100.470001,99.430000,100.300003,100.300003,221722
2014-02-16,null,null,null,null,null,null
2014-02-18,100.320000,103.250000,100.230003,102.430000,102.430000,229784
2014-02-19,103.139999,103.800003,102.400002,103.309998,103.309998,177371
2014-02-20,103.410004,103.500000,102.750000,102.919998,102.919998,116164
2014-02-21,102.870003,102.919998,101.690002,102.199997,102.199997,194397
2014-02-23,null,null,null,null,null,null
2014-02-24,102.290001,103.449997,101.970001,102.820000,102.820000,173260
2014-02-25,102.800003,102.839996,101.019997,101.830002,101.830002,177861
2014-02-26,102.040001,102.900002,101.580002,102.589996,102.589996,187216
2014-02-27,102.570000,103.080002,101.750000,102.400002,102.400002,196517
2014-02-28,102.150002,102.959999,101.800003,102.589996,102.589996,196494
2014-03-02,null,null,null,null,null,null
2014-03-03,103.000000,105.220001,102.949997,104.919998,104.919998,178276
2014-03-04,104.889999,104.959999,102.849998,103.330002,103.330002,295819
2014-03-05,103.349998,103.529999,100.849998,101.449997,101.449997,210005
2014-03-06,101.040001,102.080002,100.129997,101.559998,101.559998,267837
2014-03-07,101.970001,102.910004,101.570000,102.580002,102.580002,291849
2014-03-09,null,null,null,null,null,null
2014-03-10,102.750000,102.820000,100.849998,101.120003,101.120003,226145
2014-03-11,100.940002,101.519997,99.320000,100.029999,100.029999,225290
2014-03-12,99.480003,99.599998,97.550003,97.989998,97.989998,294201
2014-03-13,98.099998,98.599998,97.669998,98.199997,98.199997,416927
2014-03-14,98.250000,99.279999,98.059998,98.889999,98.889999,268074
2014-03-16,null,null,null,null,null,null
2014-03-17,99.389999,99.389999,97.370003,98.080002,98.080002,226300
2014-03-18,97.970001,99.779999,97.750000,99.699997,99.699997,227387
2014-03-19,99.529999,100.470001,99.339996,100.370003,100.370003,192508
2014-03-20,100.389999,100.820000,99.080002,99.430000,99.430000,110319
2014-03-21,98.589996,100.250000,98.250000,99.459999,99.459999,244866
2014-03-23,null,null,null,null,null,null
2014-03-24,99.489998,100.290001,99.050003,99.599998,99.599998,191289
2014-03-25,99.430000,100.250000,98.800003,99.190002,99.190002,151710
2014-03-26,99.180000,100.459999,99.099998,100.260002,100.260002,217013
2014-03-27,100.300003,101.699997,100.029999,101.279999,101.279999,211367
2014-03-28,101.339996,102.239998,101.180000,101.669998,101.669998,202200
2014-03-30,null,null,null,null,null,null
2014-03-31,101.690002,101.970001,100.879997,101.580002,101.580002,166326
2014-04-01,101.529999,101.570000,99.279999,99.739998,99.739998,167570
2014-04-02,99.639999,99.830002,98.860001,99.620003,99.620003,237564
2014-04-03,99.290001,100.489998,99.070000,100.290001,100.290001,231596
2014-04-04,100.379997,101.629997,100.279999,101.139999,101.139999,195430
2014-04-06,null,null,null,null,null,null
2014-04-07,100.910004,101.320000,99.919998,100.440002,100.440002,193532
2014-04-08,100.690002,102.709999,100.680000,102.559998,102.559998,254884
2014-04-09,102.349998,103.769997,102.029999,103.599998,103.599998,299549
2014-04-10,103.440002,103.809998,103.099998,103.400002,103.400002,324660
2014-04-11,103.339996,104.440002,103.010002,103.739998,103.739998,222169
2014-04-13,null,null,null,null,null,null
2014-04-14,103.559998,104.550003,103.339996,104.050003,104.050003,261915
2014-04-15,103.599998,104.050003,102.910004,103.750000,103.750000,237213
2014-04-16,103.760002,104.989998,103.120003,103.760002,103.760002,215848
2014-04-17,103.839996,104.779999,103.540001,104.300003,104.300003,279392
2014-04-20,null,null,null,null,null,null
2014-04-21,104.540001,104.769997,103.849998,104.370003,104.370003,191342
2014-04-22,104.360001,104.360001,101.690002,102.129997,102.129997,115095
2014-04-23,101.860001,102.080002,101.199997,101.440002,101.440002,323723
2014-04-24,101.540001,102.349998,101.400002,101.940002,101.940002,250645
2014-04-25,101.930000,102.050003,100.480003,100.599998,100.599998,202278
2014-04-27,null,null,null,null,null,null
2014-04-28,100.489998,101.519997,100.330002,100.839996,100.839996,221601
2014-04-29,100.889999,102.199997,100.709999,101.279999,101.279999,231590
2014-04-30,100.760002,100.760002,99.349998,99.739998,99.739998,218691
2014-05-01,99.720001,99.889999,98.739998,99.419998,99.419998,282979
2014-05-02,99.169998,100.139999,99.169998,99.760002,99.760002,235455
2014-05-04,null,null,null,null,null,null
2014-05-05,99.959999,100.440002,98.910004,99.480003,99.480003,213631
2014-05-06,99.379997,100.419998,99.320000,99.500000,99.500000,190002
2014-05-07,99.830002,100.989998,99.779999,100.769997,100.769997,251208
2014-05-08,100.820000,100.930000,99.870003,100.260002,100.260002,291271
2014-05-09,100.269997,101.180000,99.709999,99.989998,99.989998,252605
2014-05-11,null,null,null,null,null,null
2014-05-12,100.120003,100.930000,99.930000,100.589996,100.589996,271341
2014-05-13,100.629997,102.050003,100.360001,101.699997,101.699997,211648
2014-05-14,101.910004,102.650002,101.830002,102.370003,102.370003,253588
2014-05-15,102.029999,102.260002,101.269997,101.500000,101.500000,234477
2014-05-16,101.559998,102.230003,101.389999,102.019997,102.019997,276060
2014-05-18,null,null,null,null,null,null
2014-05-19,102.129997,103.089996,101.970001,102.610001,102.610001,147896
2014-05-20,102.599998,102.860001,102.099998,102.440002,102.440002,121114
2014-05-21,102.959999,104.290001,102.779999,104.070000,104.070000,249769
2014-05-22,103.849998,104.220001,103.550003,103.739998,103.739998,272127
2014-05-23,103.709999,104.500000,103.639999,104.349998,104.349998,159181
2014-05-25,null,null,null,null,null,null
2014-05-27,104.339996,104.500000,103.570000,104.110001,104.110001,160563
2014-05-28,104.139999,104.389999,102.639999,102.720001,102.720001,174387
2014-05-29,103.059998,103.940002,102.610001,103.580002,103.580002,239134
2014-05-30,103.510002,103.559998,102.400002,102.709999,102.709999,205506
2014-06-01,null,null,null,null,null,null
2014-06-02,102.919998,103.349998,102.099998,102.470001,102.470001,169734
2014-06-03,102.440002,102.860001,102.230003,102.660004,102.660004,159042
2014-06-04,102.790001,103.690002,102.339996,102.639999,102.639999,160208
2014-06-05,102.370003,102.690002,101.599998,102.480003,102.480003,208540
2014-06-06,102.440002,103.070000,102.300003,102.660004,102.660004,200402
2014-06-08,null,null,null,null,null,null
2014-06-09,102.779999,104.570000,102.620003,104.410004,104.410004,197758
2014-06-10,104.459999,105.059998,103.980003,104.349998,104.349998,246719
2014-06-11,104.300003,104.809998,104.169998,104.400002,104.400002,255599
2014-06-12,104.470001,106.949997,104.349998,106.529999,106.529999,187728
2014-06-13,106.839996,107.680000,106.370003,106.910004,106.910004,321499
2014-06-15,null,null,null,null,null,null
2014-06-16,106.879997,107.540001,106.570000,106.900002,106.900002,255394
2014-06-17,106.589996,107.180000,106.010002,106.360001,106.360001,204792
2014-06-18,106.599998,106.970001,105.800003,105.970001,105.970001,252969
2014-06-19,106.110001,106.699997,105.320000,106.430000,106.430000,176257
2014-06-20,106.599998,107.730003,106.330002,107.260002,107.260002,123121
2014-06-22,null,null,null,null,null,null
2014-06-23,107.419998,107.449997,105.910004,106.169998,106.169998,213130
2014-06-24,106.019997,106.459999,105.250000,106.029999,106.029999,175473
2014-06-25,106.139999,107.500000,105.470001,106.500000,106.500000,175206
2014-06-26,106.709999,106.809998,105.029999,105.839996,105.839996,249064
2014-06-27,105.639999,106.190002,105.330002,105.739998,105.739998,195723
2014-06-29,null,null,null,null,null,null
2014-06-30,105.690002,105.760002,104.660004,105.370003,105.370003,128975
2014-07-01,105.440002,106.089996,104.599998,105.339996,105.339996,215334
2014-07-02,105.209999,105.529999,104.099998,104.480003,104.480003,221685
2014-07-03,null,null,null,null,null,null
2014-07-06,null,null,null,null,null,null
2014-07-07,104.059998,104.129997,103.190002,103.529999,103.529999,169938
2014-07-08,103.389999,104.199997,103.010002,103.400002,103.400002,189250
2014-07-09,103.449997,103.599998,101.849998,102.290001,102.290001,249378
2014-07-10,101.949997,103.000000,101.550003,102.930000,102.930000,250987
2014-07-11,102.860001,102.919998,100.440002,100.830002,100.830002,238076
2014-07-13,null,null,null,null,null,null
2014-07-14,100.459999,101.199997,100.220001,100.910004,100.910004,272550
2014-07-15,100.930000,101.059998,99.010002,99.959999,99.959999,252675
2014-07-16,100.209999,101.599998,100.070000,101.199997,101.199997,331196
2014-07-17,101.489998,103.900002,101.269997,103.190002,103.190002,240202
2014-07-18,103.720001,103.940002,102.580002,103.129997,103.129997,342872
2014-07-20,null,null,null,null,null,null
2014-07-21,102.970001,104.989998,102.650002,104.589996,104.589996,172529
2014-07-22,104.580002,105.250000,103.889999,104.419998,104.419998,126986
2014-07-23,101.959999,103.339996,101.790001,103.120003,103.120003,252395
2014-07-24,103.199997,103.309998,101.879997,102.070000,102.070000,260652
2014-07-25,102.040001,102.529999,101.000000,102.089996,102.089996,194404
2014-07-27,null,null,null,null,null,null
2014-07-28,101.870003,102.099998,100.900002,101.669998,101.669998,284919
2014-07-29,101.599998,101.830002,100.370003,100.970001,100.970001,197815
2014-07-30,101.029999,101.669998,99.419998,100.269997,100.269997,258060
2014-07-31,99.470001,99.849998,97.599998,98.169998,98.169998,263974
2014-08-01,97.699997,98.099998,97.089996,97.879997,97.879997,335785
2014-08-03,null,null,null,null,null,null
2014-08-04,97.669998,98.669998,97.430000,98.290001,98.290001,274992
2014-08-05,98.410004,98.669998,97.000000,97.379997,97.379997,204262
2014-08-06,97.620003,98.129997,96.690002,96.919998,96.919998,242237
2014-08-07,96.889999,97.720001,96.550003,97.339996,97.339996,263598
2014-08-08,97.639999,98.449997,97.150002,97.650002,97.650002,286531
2014-08-10,null,null,null,null,null,null
2014-08-11,97.540001,98.580002,97.370003,98.080002,98.080002,266006
2014-08-12,97.839996,97.940002,96.809998,97.370003,97.370003,241493
2014-08-13,97.199997,97.779999,96.750000,97.589996,97.589996,242592
2014-08-14,97.300003,97.589996,95.260002,95.580002,95.580002,253703
2014-08-15,95.500000,97.410004,95.320000,97.349998,97.349998,350619
2014-08-17,null,null,null,null,null,null
2014-08-18,97.099998,97.160004,95.809998,96.410004,96.410004,269750
2014-08-19,96.559998,97.050003,94.260002,94.480003,94.480003,157537
2014-08-20,94.699997,96.470001,94.699997,96.070000,96.070000,109041
2014-08-21,93.489998,94.449997,92.500000,93.959999,93.959999,207152
2014-08-22,93.889999,94.040001,92.919998,93.650002,93.650002,226343
2014-08-24,null,null,null,null,null,null
2014-08-25,93.339996,93.949997,93.050003,93.349998,93.349998,191457
2014-08-26,93.360001,94.349998,93.349998,93.860001,93.860001,137420
2014-08-27,93.879997,94.239998,93.360001,93.879997,93.879997,176280
2014-08-28,93.750000,94.709999,93.449997,94.550003,94.550003,174908
2014-08-29,94.559998,96.000000,94.480003,95.959999,95.959999,262292
2014-08-31,null,null,null,null,null,null
2014-09-02,95.809998,95.910004,92.680000,92.879997,92.879997,234972
2014-09-03,93.279999,95.830002,93.059998,95.540001,95.540001,320356
2014-09-04,95.070000,95.389999,94.160004,94.449997,94.449997,294395
2014-09-05,94.570000,94.989998,92.860001,93.290001,93.290001,254140
2014-09-07,null,null,null,null,null,null
2014-09-08,93.489998,93.620003,91.800003,92.660004,92.660004,261386
2014-09-09,93.110001,93.940002,92.519997,92.750000,92.750000,277990
2014-09-10,92.790001,93.029999,91.220001,91.669998,91.669998,275876
2014-09-11,91.709999,93.440002,90.430000,92.830002,92.830002,295306
2014-09-12,93.050003,93.669998,91.959999,92.269997,92.269997,403175
2014-09-14,null,null,null,null,null,null
2014-09-15,92.129997,93.029999,90.629997,92.919998,92.919998,297768
2014-09-16,92.809998,95.190002,92.459999,94.879997,94.879997,260506
2014-09-17,94.709999,95.059998,93.739998,94.419998,94.419998,294723
2014-09-18,93.970001,94.820000,92.849998,93.070000,93.070000,305832
2014-09-19,92.970001,93.220001,91.849998,92.410004,92.410004,170772
2014-09-21,null,null,null,null,null,null
2014-09-22,92.220001,92.639999,91.199997,91.519997,91.519997,92780
2014-09-23,90.699997,92.089996,90.580002,91.559998,91.559998,229232
2014-09-24,91.720001,93.290001,91.120003,92.800003,92.800003,247770
2014-09-25,92.889999,93.540001,92.050003,92.529999,92.529999,282634
2014-09-26,92.470001,93.860001,92.230003,93.540001,93.540001,248852
2014-09-28,null,null,null,null,null,null
2014-09-29,93.349998,94.639999,92.739998,94.570000,94.570000,258890
2014-09-30,94.339996,94.900002,90.860001,91.160004,91.160004,261246
2014-10-01,91.360001,92.959999,90.470001,90.730003,90.730003,429251
2014-10-02,90.739998,91.540001,88.180000,91.010002,91.010002,389246
2014-10-03,91.379997,91.790001,89.360001,89.739998,89.739998,449554
2014-10-05,null,null,null,null,null,null
2014-10-06,89.769997,90.739998,88.760002,90.339996,90.339996,342795
2014-10-07,90.449997,90.570000,88.379997,88.849998,88.849998,276614
2014-10-08,88.430000,88.629997,86.830002,87.309998,87.309998,300113
2014-10-09,87.730003,87.949997,84.059998,85.769997,85.769997,373752
2014-10-10,84.389999,86.290001,83.589996,85.820000,85.820000,345020
2014-10-12,null,null,null,null,null,null
2014-10-13,85.199997,85.870003,84.070000,85.739998,85.739998,396528
2014-10-14,84.980003,85.599998,81.320000,81.839996,81.839996,292345
2014-10-15,82.320000,82.449997,80.010002,81.779999,81.779999,475832
2014-10-16,81.059998,84.830002,79.779999,82.699997,82.699997,487721
2014-10-17,83.180000,84.449997,82.440002,82.750000,82.750000,424524
2014-10-19,null,null,null,null,null,null
2014-10-20,83.129997,83.480003,81.550003,82.709999,82.709999,174142
2014-10-21,82.760002,84.050003,82.290001,82.809998,82.809998,83702
2014-10-22,82.550003,83.150002,80.220001,80.519997,80.519997,297522
2014-10-23,80.419998,82.370003,80.050003,82.089996,82.089996,352217
2014-10-24,81.949997,81.949997,80.360001,81.010002,81.010002,354839
2014-10-26,null,null,null,null,null,null
2014-10-27,81.269997,81.290001,79.440002,81.000000,81.000000,272509
2014-10-28,80.639999,81.660004,80.360001,81.419998,81.419998,285327
2014-10-29,81.550003,82.879997,81.440002,82.199997,82.199997,226066
2014-10-30,81.930000,82.089996,80.720001,81.120003,81.120003,283762
2014-10-31,81.040001,81.269997,79.550003,80.540001,80.540001,270072
2014-11-02,null,null,null,null,null,null
2014-11-03,80.589996,80.980003,78.080002,78.779999,78.779999,294183
2014-11-04,78.220001,78.410004,75.839996,77.190002,77.190002,386045
2014-11-05,77.360001,79.349998,76.459999,78.680000,78.680000,432757
2014-11-06,78.870003,78.980003,77.120003,77.910004,77.910004,447691
2014-11-07,77.860001,79.410004,77.470001,78.650002,78.650002,292897
2014-11-09,null,null,null,null,null,null
2014-11-10,78.500000,79.849998,77.129997,77.400002,77.400002,306077
2014-11-11,77.180000,78.040001,76.419998,77.940002,77.940002,319492
2014-11-12,77.500000,78.080002,76.629997,77.180000,77.180000,314309
2014-11-13,76.949997,77.160004,74.070000,74.209999,74.209999,359951
2014-11-14,74.360001,76.300003,73.250000,75.820000,75.820000,447012
2014-11-16,null,null,null,null,null,null
2014-11-17,75.930000,76.180000,74.709999,75.639999,75.639999,355245
2014-11-18,75.489998,76.440002,74.120003,74.610001,74.610001,279462
2014-11-19,74.230003,75.400002,73.879997,74.580002,74.580002,186214
2014-11-20,74.250000,75.760002,74.169998,75.580002,75.580002,116278
2014-11-21,76.290001,77.830002,75.620003,76.510002,76.510002,236720
2014-11-23,null,null,null,null,null,null
2014-11-24,76.620003,77.019997,75.449997,75.779999,75.779999,275317
2014-11-25,75.510002,76.580002,73.709999,74.089996,74.089996,194751
2014-11-26,73.870003,74.480003,73.300003,73.690002,73.690002,294447
2014-11-28,null,null,null,null,null,null
2014-11-30,null,null,null,null,null,null
2014-12-01,66.000000,69.540001,63.720001,69.000000,69.000000,552882
2014-12-02,69.239998,69.320000,66.669998,66.879997,66.879997,504122
2014-12-03,67.599998,68.230003,66.800003,67.379997,67.379997,360300
2014-12-04,67.400002,68.220001,66.089996,66.809998,66.809998,293483
2014-12-05,66.800003,66.889999,65.169998,65.839996,65.839996,237011
2014-12-07,null,null,null,null,null,null
2014-12-08,65.459999,65.550003,62.779999,63.049999,63.049999,276529
2014-12-09,63.009998,64.199997,62.250000,63.820000,63.820000,330077
2014-12-10,63.330002,63.430000,60.430000,60.939999,60.939999,322804
2014-12-11,61.119999,61.680000,58.959999,59.950001,59.950001,456172
2014-12-12,59.169998,59.570000,57.340000,57.810001,57.810001,392493
2014-12-14,null,null,null,null,null,null
2014-12-15,57.070000,58.730000,55.020000,55.910000,55.910000,414224
2014-12-16,55.400002,57.150002,53.599998,55.930000,55.930000,424946
2014-12-17,55.500000,58.980000,54.209999,56.470001,56.470001,518784
2014-12-18,55.830002,58.730000,54.049999,54.110001,54.110001,351977
2014-12-19,55.500000,56.910000,54.200001,56.520000,56.520000,106315
2014-12-21,null,null,null,null,null,null
2014-12-22,57.750000,58.529999,55.130001,55.259998,55.259998,383536
2014-12-23,55.389999,57.560001,55.060001,57.119999,57.119999,277319
2014-12-24,null,null,null,null,null,null
2014-12-26,55.860001,56.590000,54.509998,54.730000,54.730000,174969
2014-12-28,null,null,null,null,null,null
2014-12-29,55.049999,55.740002,52.900002,53.610001,53.610001,127202
2014-12-30,53.720001,54.320000,52.700001,54.119999,54.119999,241378
2014-12-31,53.869999,54.020000,52.439999,53.270000,53.270000,218557
2015-01-02,53.759998,55.110001,52.029999,52.689999,52.689999,233516
2015-01-04,null,null,null,null,null,null
2015-01-05,52.610001,52.730000,49.680000,50.040001,50.040001,268708
2015-01-06,50.000000,50.369999,47.549999,47.930000,47.930000,375782
2015-01-07,48.000000,49.310001,46.830002,48.650002,48.650002,451642
2015-01-08,48.779999,49.650002,47.730000,48.790001,48.790001,460083
2015-01-09,48.919998,49.610001,47.160000,48.360001,48.360001,362081
2015-01-11,null,null,null,null,null,null
2015-01-12,48.189999,48.189999,45.619999,46.070000,46.070000,421007
2015-01-13,45.689999,46.790001,44.200001,45.889999,45.889999,394946
2015-01-14,46.160000,48.910000,45.009998,48.480000,48.480000,476541
2015-01-15,48.599998,51.270000,46.070000,46.250000,46.250000,510252
2015-01-16,46.349998,48.869999,45.950001,48.689999,48.689999,478340
2015-01-18,null,null,null,null,null,null
2015-01-20,48.689999,48.770000,45.889999,46.389999,46.389999,175626
2015-01-21,46.689999,48.200001,46.549999,47.779999,47.779999,438892
2015-01-22,47.349998,49.090000,45.869999,46.310001,46.310001,340252
2015-01-23,46.630001,47.759998,45.209999,45.590000,45.590000,426829
2015-01-25,null,null,null,null,null,null
2015-01-26,45.200001,46.410000,44.349998,45.150002,45.150002,374289
2015-01-27,45.130001,46.549999,44.810001,46.230000,46.230000,310638
2015-01-28,45.830002,45.830002,44.080002,44.450001,44.450001,313141
2015-01-29,44.430000,44.959999,43.580002,44.529999,44.529999,365440
2015-01-30,44.630001,48.349998,44.310001,48.240002,48.240002,300732
2015-02-01,null,null,null,null,null,null
2015-02-02,47.590000,50.560001,46.669998,49.570000,49.570000,454142
2015-02-03,49.790001,54.240002,49.689999,53.049999,53.049999,511409
2015-02-04,51.669998,52.560001,47.950001,48.450001,48.450001,644919
2015-02-05,48.669998,52.099998,47.360001,50.480000,50.480000,577515
2015-02-06,50.860001,53.160000,50.720001,51.689999,51.689999,596851
2015-02-08,null,null,null,null,null,null
2015-02-09,52.009998,53.990002,51.650002,52.860001,52.860001,584976
2015-02-10,52.430000,52.650002,49.860001,50.020000,50.020000,536364
2015-02-11,50.980000,51.139999,48.049999,48.840000,48.840000,501701
2015-02-12,49.419998,51.599998,49.139999,51.209999,51.209999,519272
2015-02-13,51.349998,53.430000,51.029999,52.779999,52.779999,563662
2015-02-15,null,null,null,null,null,null
2015-02-17,52.750000,54.150002,50.810001,53.529999,53.529999,437072
2015-02-18,53.240002,53.410000,50.320000,52.139999,52.139999,518799
2015-02-19,50.549999,52.139999,49.150002,51.160000,51.160000,257476
2015-02-20,51.240002,51.849998,49.910000,50.340000,50.340000,125210
2015-02-22,null,null,null,null,null,null
2015-02-23,50.750000,50.990002,48.669998,49.450001,49.450001,366125
2015-02-24,49.419998,50.330002,48.680000,49.279999,49.279999,475383
2015-02-25,49.160000,51.279999,48.430000,50.990002,50.990002,293101
2015-02-26,51.000000,51.220001,47.799999,48.169998,48.169998,429524
2015-02-27,48.970001,49.939999,48.459999,49.759998,49.759998,459584
2015-03-01,null,null,null,null,null,null
2015-03-02,49.450001,51.040001,48.709999,49.590000,49.590000,399494
2015-03-03,49.799999,50.830002,49.450001,50.520000,50.520000,427177
2015-03-04,50.610001,51.990002,49.599998,51.529999,51.529999,370597
2015-03-05,51.619999,52.400002,50.610001,50.759998,50.759998,463989
2015-03-06,50.889999,51.220001,48.880001,49.610001,49.610001,370953
2015-03-08,null,null,null,null,null,null
2015-03-09,49.599998,50.790001,49.250000,50.000000,50.000000,406840
2015-03-10,50.080002,50.360001,48.200001,48.290001,48.290001,409877
2015-03-11,48.770000,49.049999,47.330002,48.169998,48.169998,395761
2015-03-12,48.439999,48.759998,46.860001,47.049999,47.049999,404590
2015-03-13,46.930000,47.279999,44.750000,44.840000,44.840000,358381
2015-03-15,null,null,null,null,null,null
2015-03-16,44.810001,45.000000,42.849998,43.880001,43.880001,395722
2015-03-17,43.840000,44.200001,42.410000,43.459999,43.459999,367600
2015-03-18,42.509998,45.340000,42.029999,44.660000,44.660000,346310
2015-03-19,44.599998,44.709999,42.750000,43.959999,43.959999,220638
2015-03-20,43.990002,46.529999,43.310001,45.720001,45.720001,106907
2015-03-22,null,null,null,null,null,null
2015-03-23,46.410000,47.610001,45.330002,47.450001,47.450001,379180
2015-03-24,47.459999,48.560001,46.669998,47.509998,47.509998,292417
2015-03-25,47.720001,49.459999,47.000000,49.209999,49.209999,309553
2015-03-26,49.020000,52.480000,48.730000,51.430000,51.430000,398795
2015-03-27,51.009998,51.380001,48.209999,48.869999,48.869999,515277
2015-03-29,null,null,null,null,null,null
2015-03-30,48.570000,49.160000,47.610001,48.680000,48.680000,384092
2015-03-31,48.730000,48.730000,47.279999,47.599998,47.599998,355866
2015-04-01,47.549999,50.450001,47.049999,50.090000,50.090000,365748
2015-04-02,49.590000,50.270000,48.110001,49.139999,49.139999,451104
2015-04-05,null,null,null,null,null,null
2015-04-06,49.470001,52.240002,49.470001,52.139999,52.139999,453394
2015-04-07,51.950001,54.130001,51.169998,53.980000,53.980000,325282
2015-04-08,53.180000,53.230000,50.369999,50.419998,50.419998,548870
2015-04-09,51.000000,52.070000,50.509998,50.790001,50.790001,552627
2015-04-10,50.730000,51.930000,50.080002,51.639999,51.639999,449531
2015-04-12,null,null,null,null,null,null
2015-04-13,51.810001,53.099998,51.470001,51.910000,51.910000,395135
2015-04-14,52.049999,53.790001,51.830002,53.290001,53.290001,375534
2015-04-15,53.549999,56.689999,53.389999,56.389999,56.389999,431026
2015-04-16,55.919998,57.419998,55.070000,56.709999,56.709999,508904
2015-04-17,56.560001,56.880001,55.310001,55.740002,55.740002,413134
2015-04-19,null,null,null,null,null,null
2015-04-20,56.160000,57.169998,54.849998,56.380001,56.380001,230623
2015-04-21,56.410000,56.910000,55.009998,55.259998,55.259998,112382
2015-04-22,56.340000,57.189999,55.730000,56.160000,56.160000,354244
2015-04-23,56.279999,58.410000,55.759998,57.740002,57.740002,329631
2015-04-24,57.529999,57.950001,56.500000,57.150002,57.150002,415569
2015-04-26,null,null,null,null,null,null
2015-04-27,57.299999,57.889999,56.520000,56.990002,56.990002,328322
2015-04-28,56.650002,57.830002,56.070000,57.060001,57.060001,250558
2015-04-29,56.930000,59.330002,56.540001,58.580002,58.580002,281864
2015-04-30,58.549999,59.849998,58.380001,59.630001,59.630001,411097
2015-05-01,59.790001,59.900002,58.320000,59.150002,59.150002,340322
2015-05-03,null,null,null,null,null,null
2015-05-04,59.299999,59.730000,58.450001,58.930000,58.930000,244753
2015-05-05,58.950001,61.099998,58.630001,60.400002,60.400002,215046
2015-05-06,60.720001,62.580002,60.540001,60.930000,60.930000,389743
2015-05-07,60.689999,61.310001,58.490002,58.939999,58.939999,423583
2015-05-08,59.020000,59.900002,58.139999,59.389999,59.389999,437022
2015-05-10,null,null,null,null,null,null
2015-05-11,59.430000,59.849998,58.750000,59.250000,59.250000,434575
2015-05-12,59.270000,61.360001,59.119999,60.750000,60.750000,332694
2015-05-13,61.230000,61.849998,60.020000,60.500000,60.500000,397345
2015-05-14,60.099998,60.840000,59.360001,59.880001,59.880001,426835
2015-05-15,59.669998,59.970001,58.419998,59.689999,59.689999,361432
2015-05-17,null,null,null,null,null,null
2015-05-18,59.849998,60.880001,59.060001,59.430000,59.430000,222089
2015-05-19,59.540001,59.630001,57.090000,57.259998,57.259998,144389
2015-05-20,58.320000,59.040001,58.099998,58.980000,58.980000,336779
2015-05-21,58.810001,60.939999,58.689999,60.720001,60.720001,287129
2015-05-22,60.660000,60.799999,59.349998,59.720001,59.720001,329765
2015-05-24,null,null,null,null,null,null
2015-05-26,60.049999,60.250000,57.709999,58.029999,58.029999,230307
2015-05-27,58.320000,58.950001,57.360001,57.509998,57.509998,330128
2015-05-28,57.630001,58.070000,56.509998,57.680000,57.680000,314917
2015-05-29,57.970001,60.700001,57.720001,60.299999,60.299999,340682
2015-05-31,null,null,null,null,null,null
2015-06-01,60.290001,60.639999,59.330002,60.200001,60.200001,452222
2015-06-02,60.180000,61.580002,60.090000,61.259998,61.259998,292189
2015-06-03,61.020000,61.430000,59.340000,59.639999,59.639999,344508
2015-06-04,59.570000,59.939999,57.830002,58.000000,58.000000,371298
2015-06-05,57.990002,59.230000,56.830002,59.130001,59.130001,363345
2015-06-07,null,null,null,null,null,null
2015-06-08,58.959999,59.130001,57.860001,58.139999,58.139999,461016
2015-06-09,58.310001,60.680000,58.230000,60.139999,60.139999,339845
2015-06-10,60.580002,61.820000,60.450001,61.430000,61.430000,405486
2015-06-11,61.139999,61.529999,60.209999,60.770000,60.770000,459765
2015-06-12,60.549999,60.630001,59.730000,59.959999,59.959999,352421
2015-06-14,null,null,null,null,null,null
2015-06-15,59.900002,59.980000,58.730000,59.520000,59.520000,246898
2015-06-16,59.599998,60.369999,59.419998,59.970001,59.970001,275187
2015-06-17,60.029999,61.380001,58.849998,59.919998,59.919998,233935
2015-06-18,59.779999,60.889999,59.250000,60.450001,60.450001,396155
2015-06-19,60.500000,60.560001,58.880001,59.610001,59.610001,181875
2015-06-21,null,null,null,null,null,null
2015-06-22,59.439999,60.299999,58.930000,59.680000,59.680000,116656
2015-06-23,60.209999,61.490002,59.549999,61.009998,61.009998,255306
2015-06-24,61.139999,61.570000,59.799999,60.270000,60.270000,336224
2015-06-25,60.220001,60.459999,59.430000,59.700001,59.700001,312985
2015-06-26,59.660000,59.959999,58.759998,59.630001,59.630001,222341
2015-06-28,null,null,null,null,null,null
2015-06-29,58.840000,59.270000,58.040001,58.330002,58.330002,231957
2015-06-30,58.270000,59.689999,57.939999,59.470001,59.470001,286035
2015-07-01,58.980000,58.980000,56.680000,56.959999,56.959999,282475
2015-07-02,56.869999,57.950001,56.500000,56.930000,56.930000,373405
2015-07-05,null,null,null,null,null,null
2015-07-06,54.900002,55.340000,52.410000,52.529999,52.529999,297050
2015-07-07,52.750000,53.430000,50.580002,52.330002,52.330002,540608
2015-07-08,52.910000,52.959999,50.910000,51.650002,51.650002,527267
2015-07-09,51.830002,53.540001,51.480000,52.779999,52.779999,434752
2015-07-10,52.480000,53.889999,51.959999,52.740002,52.740002,382334
2015-07-12,null,null,null,null,null,null
2015-07-13,52.150002,53.169998,51.259998,52.200001,52.200001,349075
2015-07-14,52.000000,53.430000,50.880001,53.040001,53.040001,359477
2015-07-15,53.400002,53.500000,51.209999,51.410000,51.410000,422756
2015-07-16,51.619999,52.169998,50.840000,50.910000,50.910000,334563
2015-07-17,50.910000,51.230000,50.139999,50.889999,50.889999,319167
2015-07-19,null,null,null,null,null,null
2015-07-20,50.759998,51.259998,49.849998,50.150002,50.150002,203485
2015-07-21,49.950001,51.020000,49.770000,50.360001,50.360001,102597
2015-07-22,50.709999,50.709999,49.040001,49.189999,49.189999,254321
2015-07-23,49.230000,49.630001,48.209999,48.450001,48.450001,347986
2015-07-24,48.790001,49.029999,47.720001,48.139999,48.139999,316060
2015-07-26,null,null,null,null,null,null
2015-07-27,48.000000,48.200001,46.910000,47.389999,47.389999,278233
2015-07-28,47.020000,48.439999,46.680000,47.980000,47.980000,273614
2015-07-29,47.810001,49.520000,47.389999,48.790001,48.790001,338107
2015-07-30,48.830002,49.360001,48.340000,48.520000,48.520000,366893
2015-07-31,48.470001,48.619999,46.700001,47.119999,47.119999,247662
2015-08-02,null,null,null,null,null,null
2015-08-03,46.860001,46.939999,45.080002,45.169998,45.169998,334474
2015-08-04,45.349998,46.230000,45.290001,45.740002,45.740002,371085
2015-08-05,45.959999,46.700001,44.830002,45.150002,45.150002,285786
2015-08-06,45.160000,45.270000,44.200001,44.660000,44.660000,367326
2015-08-07,44.820000,45.160000,43.700001,43.869999,43.869999,360977
2015-08-09,null,null,null,null,null,null
2015-08-10,43.580002,45.009998,43.349998,44.959999,44.959999,400070
2015-08-11,44.810001,45.340000,42.689999,43.080002,43.080002,491433
2015-08-12,43.270000,43.869999,42.799999,43.299999,43.299999,538005
2015-08-13,43.340000,43.720001,41.910000,42.230000,42.230000,492271
2015-08-14,42.230000,42.959999,41.349998,42.500000,42.500000,420146
2015-08-16,null,null,null,null,null,null
2015-08-17,42.180000,42.689999,41.639999,41.869999,41.869999,317211
2015-08-18,41.880001,42.900002,41.430000,42.619999,42.619999,314275
2015-08-19,42.410000,42.680000,40.400002,40.799999,40.799999,200185
2015-08-20,40.580002,41.480000,40.209999,41.139999,41.139999,107578
2015-08-21,41.029999,41.400002,39.860001,40.450001,40.450001,380433
2015-08-23,null,null,null,null,null,null
2015-08-24,40.299999,40.470001,37.750000,38.240002,38.240002,377181
2015-08-25,38.180000,39.889999,38.160000,39.310001,39.310001,468366
2015-08-26,39.689999,39.860001,38.520000,38.599998,38.599998,375650
2015-08-27,38.959999,42.860001,38.950001,42.560001,42.560001,368722
2015-08-28,42.680000,45.900002,41.779999,45.220001,45.220001,533682
2015-08-30,null,null,null,null,null,null
2015-08-31,45.000000,49.330002,43.599998,49.200001,49.200001,666328
2015-09-01,48.099998,48.869999,44.150002,45.410000,45.410000,757503
2015-09-02,44.259998,46.770000,43.209999,46.250000,46.250000,713418
2015-09-03,46.110001,48.419998,45.650002,46.750000,46.750000,689301
2015-09-04,46.680000,47.230000,45.610001,46.049999,46.049999,539450
2015-09-06,null,null,null,null,null,null
2015-09-08,45.820000,46.410000,44.139999,45.939999,45.939999,385631
2015-09-09,45.790001,46.259998,44.049999,44.150002,44.150002,508815
2015-09-10,44.160000,46.040001,43.360001,45.919998,45.919998,422735
2015-09-11,45.709999,45.880001,44.160000,44.630001,44.630001,498992
2015-09-13,null,null,null,null,null,null
2015-09-14,44.779999,44.970001,43.590000,44.000000,44.000000,395838
2015-09-15,44.110001,45.250000,43.919998,44.590000,44.590000,326269
2015-09-16,45.160000,47.349998,44.820000,47.150002,47.150002,335953
2015-09-17,47.130001,47.709999,46.330002,46.900002,46.900002,421981
2015-09-18,46.889999,47.029999,44.240002,44.680000,44.680000,366390
2015-09-20,null,null,null,null,null,null
2015-09-21,44.970001,46.740002,44.689999,46.680000,46.680000,211301
2015-09-22,46.450001,46.480000,45.139999,45.830002,45.830002,104528
2015-09-23,46.540001,47.150002,44.410000,44.480000,44.480000,345875
2015-09-24,44.619999,45.180000,43.709999,44.910000,44.910000,411957
2015-09-25,45.049999,46.380001,44.860001,45.700001,45.700001,371976
2015-09-27,null,null,null,null,null,null
2015-09-28,45.380001,45.500000,44.299999,44.430000,44.430000,338622
2015-09-29,44.500000,45.700001,44.299999,45.230000,45.230000,273906
2015-09-30,44.919998,45.849998,44.680000,45.090000,45.090000,265176
2015-10-01,45.380001,47.099998,44.630001,44.740002,44.740002,355853
2015-10-02,45.070000,45.810001,43.970001,45.540001,45.540001,478979
2015-10-04,null,null,null,null,null,null
2015-10-05,45.650002,46.939999,45.209999,46.259998,46.259998,420740
2015-10-06,46.200001,49.080002,45.730000,48.529999,48.529999,323061
2015-10-07,49.000000,49.709999,47.700001,47.810001,47.810001,453101
2015-10-08,48.110001,50.070000,47.759998,49.430000,49.430000,547488
2015-10-09,49.689999,50.919998,49.169998,49.630001,49.630001,509760
2015-10-11,null,null,null,null,null,null
2015-10-12,49.509998,50.130001,47.040001,47.099998,47.099998,508680
2015-10-13,47.459999,48.430000,46.439999,46.660000,46.660000,408663
2015-10-14,46.689999,46.959999,45.939999,46.639999,46.639999,465388
2015-10-15,46.279999,47.020000,45.230000,46.380001,46.380001,348241
2015-10-16,46.869999,47.500000,46.160000,47.259998,47.259998,370940
2015-10-18,null,null,null,null,null,null
2015-10-19,47.270000,47.490002,45.849998,45.889999,45.889999,198127
2015-10-20,46.250000,46.520000,45.230000,45.549999,45.549999,125840
2015-10-21,45.880001,46.080002,44.860001,45.200001,45.200001,361314
2015-10-22,45.270000,46.099998,44.900002,45.380001,45.380001,384288
2015-10-23,45.439999,45.750000,44.200001,44.599998,44.599998,322742
2015-10-25,null,null,null,null,null,null
2015-10-26,44.740002,44.939999,43.639999,43.980000,43.980000,406577
2015-10-27,43.779999,43.910000,42.580002,43.200001,43.200001,302084
2015-10-28,43.439999,46.220001,43.060001,45.939999,45.939999,370825
2015-10-29,46.060001,46.790001,45.160000,46.060001,46.060001,521518
2015-10-30,45.740002,47.029999,45.480000,46.590000,46.590000,436513
2015-11-01,null,null,null,null,null,null
2015-11-02,46.430000,46.730000,45.560001,46.139999,46.139999,363307
2015-11-03,46.110001,48.360001,45.959999,47.900002,47.900002,305518
2015-11-04,47.740002,48.279999,46.169998,46.320000,46.320000,434574
2015-11-05,46.570000,46.650002,45.119999,45.200001,45.200001,459307
2015-11-06,45.410000,45.639999,44.110001,44.290001,44.290001,437646
2015-11-08,null,null,null,null,null,null
2015-11-09,44.520000,45.119999,43.639999,43.869999,43.869999,448133
2015-11-10,44.099998,44.759998,43.570000,44.209999,44.209999,487992
2015-11-11,43.630001,44.110001,42.619999,42.930000,42.930000,445973
2015-11-12,43.049999,43.330002,41.540001,41.750000,41.750000,502371
2015-11-13,41.610001,42.840000,40.220001,40.740002,40.740002,545351
2015-11-15,null,null,null,null,null,null
2015-11-16,40.919998,42.250000,40.060001,41.740002,41.740002,480893
2015-11-17,41.959999,42.029999,40.580002,40.669998,40.669998,535179
2015-11-18,41.110001,41.549999,39.910000,40.750000,40.750000,363714
2015-11-19,40.720001,41.049999,39.889999,40.540001,40.540001,251518
2015-11-20,40.540001,40.990002,38.990002,40.389999,40.389999,131356
2015-11-22,null,null,null,null,null,null
2015-11-23,41.490002,42.750000,40.410000,41.750000,41.750000,432642
2015-11-24,42.040001,43.459999,41.860001,42.869999,42.869999,516190
2015-11-25,42.689999,43.250000,41.720001,43.040001,43.040001,430304
2015-11-27,43.250000,43.299999,41.669998,41.709999,41.709999,383158
2015-11-29,null,null,null,null,null,null
2015-11-30,41.770000,42.610001,41.500000,41.650002,41.650002,316475
2015-12-01,41.730000,42.230000,41.169998,41.849998,41.849998,369509
2015-12-02,41.689999,41.970001,39.840000,39.939999,39.939999,415537
2015-12-03,40.150002,41.779999,40.070000,41.080002,41.080002,545289
2015-12-04,41.310001,42.000000,39.599998,39.970001,39.970001,496884
2015-12-06,null,null,null,null,null,null
2015-12-07,40.099998,40.150002,37.500000,37.650002,37.650002,510758
2015-12-08,37.680000,38.580002,36.639999,37.509998,37.509998,635413
2015-12-09,37.860001,38.990002,36.869999,37.160000,37.160000,767184
2015-12-10,37.270000,37.540001,36.380001,36.759998,36.759998,646166
2015-12-11,36.630001,36.840000,35.160000,35.619999,35.619999,513940
2015-12-13,null,null,null,null,null,null
2015-12-14,35.400002,36.700001,34.529999,36.310001,36.310001,505406
2015-12-15,36.320000,37.880001,36.029999,37.349998,37.349998,550476
2015-12-16,36.790001,37.349998,35.290001,35.520000,35.520000,474159
2015-12-17,35.799999,35.840000,34.630001,34.950001,34.950001,402967
2015-12-18,34.869999,35.570000,34.290001,34.730000,34.730000,196227
2015-12-20,null,null,null,null,null,null
2015-12-21,34.580002,34.860001,33.980000,34.740002,34.740002,116038
2015-12-22,35.799999,36.540001,35.660000,36.139999,36.139999,298080
2015-12-23,36.470001,37.950001,36.279999,37.500000,37.500000,302263
2015-12-24,37.860001,38.279999,37.380001,38.099998,38.099998,374658
2015-12-27,null,null,null,null,null,null
2015-12-28,38.000000,38.090000,36.599998,36.810001,36.810001,205873
2015-12-29,36.700001,37.939999,36.660000,37.869999,37.869999,220644
2015-12-30,37.360001,37.400002,36.400002,36.599998,36.599998,241945
2015-12-31,36.810001,37.790001,36.220001,37.040001,37.040001,267912
2016-01-03,null,null,null,null,null,null
2016-01-04,37.599998,38.389999,36.330002,36.759998,36.759998,283623
2016-01-05,36.900002,37.099998,35.740002,35.970001,35.970001,431985
2016-01-06,36.180000,36.389999,33.770000,33.970001,33.970001,410131
2016-01-07,34.090000,34.259998,32.099998,33.270000,33.270000,563811
2016-01-08,33.299999,34.340000,32.639999,33.160000,33.160000,617409
2016-01-10,null,null,null,null,null,null
2016-01-11,32.939999,33.200001,30.879999,31.410000,31.410000,596496
2016-01-12,31.110001,32.209999,29.930000,30.440001,30.440001,648640
2016-01-13,30.540001,31.709999,30.100000,30.480000,30.480000,627218
2016-01-14,30.600000,31.770000,30.280001,31.200001,31.200001,637903
2016-01-15,31.180000,31.180000,29.129999,29.420000,29.420000,537906
2016-01-17,null,null,null,null,null,null
2016-01-18,null,null,null,null,null,null
2016-01-19,29.200001,30.209999,28.209999,28.459999,28.459999,329094
2016-01-20,28.330000,28.580000,26.190001,26.549999,26.549999,188026
2016-01-21,28.350000,30.250000,27.870001,29.530001,29.530001,690039
2016-01-22,29.840000,32.349998,29.530001,32.189999,32.189999,694040
2016-01-24,null,null,null,null,null,null
2016-01-25,32.049999,32.740002,29.680000,30.340000,30.340000,636573
2016-01-26,29.809999,32.410000,29.250000,31.450001,31.450001,606892
2016-01-27,30.549999,32.840000,30.139999,32.299999,32.299999,642432
2016-01-28,32.189999,34.820000,31.740000,33.220001,33.220001,738551
2016-01-29,33.700001,34.400002,32.650002,33.619999,33.619999,833378
2016-01-31,null,null,null,null,null,null
2016-02-01,33.830002,34.180000,31.290001,31.620001,31.620001,618110
2016-02-02,31.370001,31.530001,29.570000,29.879999,29.879999,595612
2016-02-03,29.750000,32.750000,29.400000,32.279999,32.279999,602564
2016-02-04,32.709999,33.599998,31.530001,31.719999,31.719999,811699
2016-02-05,31.639999,32.450001,30.629999,30.889999,30.889999,696721
2016-02-07,null,null,null,null,null,null
2016-02-08,30.969999,31.379999,29.570000,29.690001,29.690001,616531
2016-02-09,30.170000,30.610001,27.740000,27.940001,27.940001,603646
2016-02-10,28.360001,29.219999,27.240000,27.450001,27.450001,738219
2016-02-11,27.340000,27.480000,26.049999,26.209999,26.209999,781280
2016-02-12,27.299999,29.660000,26.950001,29.440001,29.440001,795965
2016-02-14,null,null,null,null,null,null
2016-02-15,null,null,null,null,null,null
2016-02-16,29.080000,31.530001,28.700001,29.040001,29.040001,675157
2016-02-17,29.139999,31.490000,28.730000,30.660000,30.660000,651956
2016-02-18,31.350000,31.980000,30.270000,30.770000,30.770000,578639
2016-02-19,30.600000,30.730000,29.049999,29.639999,29.639999,225497
2016-02-21,null,null,null,null,null,null
2016-02-22,29.719999,32.049999,29.480000,31.480000,31.480000,103202
2016-02-23,33.340000,33.529999,31.219999,31.870001,31.870001,521016
2016-02-24,31.280001,32.400002,30.559999,32.150002,32.150002,539379
2016-02-25,32.189999,33.490002,31.070000,33.070000,33.070000,652245
2016-02-26,33.040001,34.689999,32.639999,32.779999,32.779999,611874
2016-02-28,null,null,null,null,null,null
2016-02-29,32.720001,33.980000,32.320000,33.750000,33.750000,646294
2016-03-01,33.900002,34.759998,33.369999,34.400002,34.400002,512468
2016-03-02,33.889999,35.169998,33.549999,34.660000,34.660000,566226
2016-03-03,34.730000,35.320000,34.189999,34.570000,34.570000,597834
2016-03-04,34.660000,36.340000,34.400002,35.919998,35.919998,512962
2016-03-06,null,null,null,null,null,null
2016-03-07,36.200001,38.110001,36.090000,37.900002,37.900002,578290
2016-03-08,37.939999,38.389999,36.119999,36.500000,36.500000,709870
2016-03-09,36.360001,38.509998,36.240002,38.290001,38.290001,706933
2016-03-10,38.169998,38.480000,37.209999,37.840000,37.840000,740632
2016-03-11,37.990002,39.020000,37.919998,38.500000,38.500000,701435
2016-03-13,null,null,null,null,null,null
2016-03-14,38.169998,38.770000,36.680000,37.180000,37.180000,564791
2016-03-15,37.369999,37.400002,35.959999,36.340000,36.340000,489938
2016-03-16,36.740002,38.630001,36.610001,38.459999,38.459999,446100
2016-03-17,38.590000,40.360001,38.470001,40.200001,40.200001,494174
2016-03-18,40.250000,41.200001,39.150002,39.439999,39.439999,298013
2016-03-20,null,null,null,null,null,null
2016-03-21,39.060001,40.299999,38.610001,39.910000,39.910000,130151
2016-03-22,41.590000,41.900002,40.770000,41.450001,41.450001,479337
2016-03-23,41.189999,41.340000,39.669998,39.790001,39.790001,463693
2016-03-24,39.730000,39.770000,38.330002,39.459999,39.459999,492003
2016-03-27,null,null,null,null,null,null
2016-03-28,39.549999,40.139999,38.860001,39.389999,39.389999,495168
2016-03-29,39.320000,39.480000,37.910000,38.279999,38.279999,299775
2016-03-30,38.520000,39.849998,38.139999,38.320000,38.320000,488032
2016-03-31,38.299999,39.040001,37.570000,38.340000,38.340000,542469
2016-04-01,38.139999,38.560001,36.630001,36.790001,36.790001,532152
2016-04-03,null,null,null,null,null,null
2016-04-04,36.610001,37.209999,35.459999,35.700001,35.700001,547190
2016-04-05,35.500000,36.580002,35.240002,35.889999,35.889999,549477
2016-04-06,36.520000,37.900002,36.430000,37.750000,37.750000,485543
2016-04-07,37.759998,38.299999,36.689999,37.259998,37.259998,751048
2016-04-08,37.520000,39.840000,37.450001,39.720001,39.720001,626749
2016-04-10,null,null,null,null,null,null
2016-04-11,39.720001,40.750000,39.250000,40.360001,40.360001,817230
2016-04-12,40.349998,42.250000,40.090000,42.169998,42.169998,679351
2016-04-13,41.630001,42.419998,41.240002,41.759998,41.759998,796837
2016-04-14,41.540001,42.160000,40.840000,41.500000,41.500000,730437
2016-04-15,41.430000,41.730000,39.980000,40.360001,40.360001,488614
2016-04-17,null,null,null,null,null,null
2016-04-18,38.750000,40.240002,37.610001,39.779999,39.779999,520146
2016-04-19,40.040001,41.529999,39.580002,41.080002,41.080002,342463
2016-04-20,40.799999,42.910000,39.849998,42.630001,42.630001,101734
2016-04-21,43.970001,44.490002,43.049999,43.180000,43.180000,796240
2016-04-22,43.419998,44.450001,43.110001,43.730000,43.730000,671103
2016-04-24,null,null,null,null,null,null
2016-04-25,43.750000,44.040001,42.580002,42.639999,42.639999,575107
2016-04-26,42.959999,44.830002,42.500000,44.040001,44.040001,606383
2016-04-27,44.639999,45.619999,43.770000,45.330002,45.330002,564392
2016-04-28,45.299999,46.139999,44.939999,46.029999,46.029999,648028
2016-04-29,45.900002,46.779999,45.240002,45.919998,45.919998,487412
2016-05-01,null,null,null,null,null,null
2016-05-02,45.900002,46.150002,44.540001,44.779999,44.779999,598439
2016-05-03,44.919998,45.349998,43.320000,43.650002,43.650002,464027
2016-05-04,43.849998,44.880001,43.220001,43.779999,43.779999,625551
2016-05-05,44.040001,46.070000,43.959999,44.320000,44.320000,711125
2016-05-06,44.520000,45.340000,43.540001,44.660000,44.660000,746159
2016-05-08,null,null,null,null,null,null
2016-05-09,45.000000,45.939999,43.240002,43.439999,43.439999,695306
2016-05-10,43.250000,44.790001,43.029999,44.660000,44.660000,767568
2016-05-11,44.599998,46.360001,43.959999,46.230000,46.230000,709415
2016-05-12,46.000000,47.020000,45.610001,46.700001,46.700001,869957
2016-05-13,46.410000,46.490002,45.750000,46.209999,46.209999,715102
2016-05-15,null,null,null,null,null,null
2016-05-16,46.279999,47.980000,46.150002,47.720001,47.720001,519363
2016-05-17,47.900002,48.759998,47.529999,48.310001,48.310001,550863
2016-05-18,48.529999,48.950001,47.750000,48.189999,48.189999,470440
2016-05-19,47.869999,48.279999,46.730000,48.160000,48.160000,343184
2016-05-20,48.200001,48.790001,47.439999,47.750000,47.750000,108816
2016-05-22,null,null,null,null,null,null
2016-05-23,48.459999,48.500000,47.400002,48.080002,48.080002,538047
2016-05-24,48.080002,49.270000,47.639999,48.619999,48.619999,475453
2016-05-25,49.090000,49.750000,48.650002,49.560001,49.560001,475965
2016-05-26,49.700001,50.209999,49.220001,49.480000,49.480000,550501
2016-05-27,49.310001,49.599998,48.689999,49.330002,49.330002,488465
2016-05-29,null,null,null,null,null,null
2016-05-31,49.540001,50.099998,48.810001,49.099998,49.099998,406386
2016-06-01,48.820000,49.250000,47.750000,49.009998,49.009998,476988
2016-06-02,48.900002,49.470001,47.970001,49.169998,49.169998,568839
2016-06-03,49.040001,49.410000,48.330002,48.619999,48.619999,564846
2016-06-05,null,null,null,null,null,null
2016-06-06,48.880001,49.900002,48.709999,49.689999,49.689999,481034
2016-06-07,49.709999,50.529999,49.439999,50.360001,50.360001,450472
2016-06-08,50.410000,51.619999,50.320000,51.230000,51.230000,542254
2016-06-09,51.450001,51.669998,50.230000,50.560001,50.560001,656416
2016-06-10,50.470001,50.730000,48.799999,49.070000,49.070000,560723
2016-06-12,null,null,null,null,null,null
2016-06-13,48.849998,49.279999,48.160000,48.880001,48.880001,596119
2016-06-14,48.520000,48.689999,47.840000,48.490002,48.490002,506036
2016-06-15,47.900002,48.720001,47.279999,48.009998,48.009998,456144
2016-06-16,47.450001,47.750000,45.910000,46.209999,46.209999,527870
2016-06-17,45.990002,48.290001,45.830002,47.980000,47.980000,507910
2016-06-19,null,null,null,null,null,null
2016-06-20,48.290001,49.419998,48.139999,49.369999,49.369999,226653
2016-06-21,49.139999,49.320000,48.160000,48.849998,48.849998,98293
2016-06-22,50.220001,50.540001,48.400002,49.130001,49.130001,475407
2016-06-23,49.080002,50.230000,49.080002,50.110001,50.110001,569939
2016-06-24,50.299999,50.450001,46.700001,47.639999,47.639999,401885
2016-06-26,null,null,null,null,null,null
2016-06-27,47.810001,47.959999,45.830002,46.330002,46.330002,649446
2016-06-28,46.590000,48.180000,46.540001,47.849998,47.849998,504613
2016-06-29,48.060001,50.000000,47.980000,49.880001,49.880001,498851
2016-06-30,49.549999,49.619999,48.169998,48.330002,48.330002,511476
2016-07-01,48.380001,49.299999,47.900002,48.990002,48.990002,508736
2016-07-03,null,null,null,null,null,null
2016-07-05,49.110001,49.349998,46.330002,46.599998,46.599998,405187
2016-07-06,46.830002,47.950001,45.919998,47.430000,47.430000,609194
2016-07-07,47.880001,48.250000,44.869999,45.139999,45.139999,607663
2016-07-08,45.189999,45.970001,44.770000,45.410000,45.410000,710893
2016-07-10,null,null,null,null,null,null
2016-07-11,45.070000,45.770000,44.419998,44.759998,44.759998,583078
2016-07-12,44.580002,46.930000,44.509998,46.799999,46.799999,533657
2016-07-13,46.580002,46.709999,44.560001,44.750000,44.750000,658257
2016-07-14,45.139999,45.799999,44.950001,45.680000,45.680000,686245
2016-07-15,45.520000,46.330002,45.049999,45.950001,45.950001,573761
2016-07-17,null,null,null,null,null,null
2016-07-18,46.119999,46.139999,44.860001,45.240002,45.240002,430256
2016-07-19,45.230000,45.669998,44.529999,44.650002,44.650002,211393
2016-07-20,44.590000,45.250000,43.689999,44.939999,44.939999,128127
2016-07-21,45.650002,46.090000,44.520000,44.750000,44.750000,541014
2016-07-22,44.599998,44.970001,43.740002,44.189999,44.189999,432972
2016-07-24,null,null,null,null,null,null
2016-07-25,44.200001,44.369999,42.970001,43.130001,43.130001,428407
2016-07-26,43.070000,43.389999,42.360001,42.919998,42.919998,389837
2016-07-27,42.660000,43.200001,41.680000,41.919998,41.919998,461324
2016-07-28,41.930000,42.220001,41.040001,41.139999,41.139999,537390
2016-07-29,41.119999,41.669998,40.570000,41.599998,41.599998,447913
2016-07-31,null,null,null,null,null,null
2016-08-01,41.349998,41.880001,39.820000,40.060001,40.060001,478763
2016-08-02,40.080002,40.910000,39.259998,39.509998,39.509998,533020
2016-08-03,39.700001,41.200001,39.189999,40.830002,40.830002,534512
2016-08-04,41.160000,42.080002,40.430000,41.930000,41.930000,655186
2016-08-05,41.840000,42.099998,41.060001,41.799999,41.799999,598836
2016-08-07,null,null,null,null,null,null
2016-08-08,41.990002,43.389999,41.810001,43.020000,43.020000,550189
2016-08-09,42.830002,43.520000,42.470001,42.770000,42.770000,562530
2016-08-10,42.740002,43.389999,41.419998,41.709999,41.709999,624703
2016-08-11,41.480000,43.860001,41.099998,43.490002,43.490002,676148
2016-08-12,43.459999,44.779999,43.310001,44.490002,44.490002,682235
2016-08-14,null,null,null,null,null,null
2016-08-15,44.740002,45.930000,44.380001,45.740002,45.740002,536081
2016-08-16,45.590000,46.730000,45.340000,46.580002,46.580002,522526
2016-08-17,46.369999,46.950001,45.840000,46.790001,46.790001,550440
2016-08-18,46.900002,48.380001,46.630001,48.220001,48.220001,563354
2016-08-19,48.330002,48.750000,47.930000,48.520000,48.520000,229277
2016-08-21,null,null,null,null,null,null
2016-08-22,48.400002,48.400002,46.750000,47.049999,47.049999,162438
2016-08-23,47.389999,48.320000,46.590000,48.099998,48.099998,515256
2016-08-24,47.590000,47.740002,46.450001,46.770000,46.770000,623904
2016-08-25,46.799999,47.459999,46.419998,47.330002,47.330002,603495
2016-08-26,47.369999,48.459999,46.939999,47.639999,47.639999,458816
2016-08-28,null,null,null,null,null,null
2016-08-29,47.220001,47.279999,46.619999,46.980000,46.980000,558344
2016-08-30,46.980000,47.490002,46.209999,46.349998,46.349998,309254
2016-08-31,46.240002,46.410000,44.509998,44.700001,44.700001,464449
2016-09-01,44.849998,45.080002,43.000000,43.160000,43.160000,549007
2016-09-02,43.549999,44.669998,43.160000,44.439999,44.439999,605003
2016-09-04,null,null,null,null,null,null
2016-09-06,44.150002,46.529999,43.840000,44.830002,44.830002,576915
2016-09-07,44.849998,46.169998,44.549999,45.500000,45.500000,932145
2016-09-08,46.119999,47.750000,45.770000,47.619999,47.619999,572884
2016-09-09,47.360001,47.360001,45.560001,45.880001,45.880001,761943
2016-09-11,null,null,null,null,null,null
2016-09-12,45.570000,46.509998,44.720001,46.290001,46.290001,688191
2016-09-13,46.060001,46.130001,44.770000,44.900002,44.900002,745016
2016-09-14,45.000000,45.330002,43.419998,43.580002,43.580002,657775
2016-09-15,43.700001,44.340000,43.259998,43.910000,43.910000,705861
2016-09-16,43.709999,43.750000,42.740002,43.029999,43.029999,537185
2016-09-18,null,null,null,null,null,null
2016-09-19,43.180000,44.150002,43.119999,43.299999,43.299999,231191
2016-09-20,43.130001,44.049999,42.549999,43.439999,43.439999,129857
2016-09-21,44.500000,45.650002,44.500000,45.340000,45.340000,694130
2016-09-22,45.619999,46.520000,45.520000,46.320000,46.320000,585987
2016-09-23,46.070000,46.549999,44.220001,44.480000,44.480000,521680
2016-09-25,null,null,null,null,null,null
2016-09-26,44.619999,46.200001,44.430000,45.930000,45.930000,718395
2016-09-27,45.619999,45.959999,44.189999,44.669998,44.669998,527119
2016-09-28,44.959999,47.450001,44.349998,47.049999,47.049999,630757
2016-09-29,47.200001,48.320000,46.599998,47.830002,47.830002,1008434
2016-09-30,47.759998,48.299999,47.040001,48.240002,48.240002,702649
2016-10-02,null,null,null,null,null,null
2016-10-03,48.040001,49.020000,47.779999,48.810001,48.810001,496515
2016-10-04,48.650002,49.259998,48.259998,48.689999,48.689999,458021
2016-10-05,49.259998,49.970001,49.099998,49.830002,49.830002,513710
2016-10-06,49.650002,50.630001,49.330002,50.439999,50.439999,520070
2016-10-07,50.590000,50.740002,49.400002,49.810001,49.810001,547915
2016-10-09,null,null,null,null,null,null
2016-10-11,51.099998,51.540001,50.389999,50.790001,50.790001,686070
2016-10-12,50.840000,51.169998,49.889999,50.180000,50.180000,765608
2016-10-13,50.000000,50.590000,49.360001,50.439999,50.439999,533884
2016-10-14,50.580002,51.139999,49.900002,50.349998,50.349998,740676
2016-10-16,null,null,null,null,null,null
2016-10-17,50.230000,50.580002,49.470001,49.939999,49.939999,519431
2016-10-18,50.040001,50.779999,49.759998,50.290001,50.290001,418723
2016-10-19,50.770000,51.930000,50.689999,51.599998,51.599998,192803
2016-10-20,51.400002,51.580002,50.250000,50.430000,50.430000,132427
2016-10-21,50.660000,51.020000,50.209999,50.849998,50.849998,548947
2016-10-23,null,null,null,null,null,null
2016-10-24,50.849998,50.980000,49.619999,50.520000,50.520000,551300
2016-10-25,50.490002,50.930000,49.270000,49.959999,49.959999,623398
2016-10-26,49.310001,50.099998,48.869999,49.180000,49.180000,553778
2016-10-27,49.220001,50.060001,49.000000,49.720001,49.720001,679320
2016-10-28,49.610001,49.810001,48.419998,48.700001,48.700001,543173
2016-10-30,null,null,null,null,null,null
2016-10-31,48.250000,48.740002,46.630001,46.860001,46.860001,550081
2016-11-01,46.770000,47.349998,46.200001,46.669998,46.669998,649237
2016-11-02,46.320000,46.470001,44.959999,45.340000,45.340000,834989
2016-11-03,45.480000,45.900002,44.369999,44.660000,44.660000,674322
2016-11-04,44.630001,44.869999,43.570000,44.070000,44.070000,540439
2016-11-06,null,null,null,null,null,null
2016-11-07,44.450001,45.009998,44.110001,44.889999,44.889999,736685
2016-11-08,44.970001,45.389999,44.410000,44.980000,44.980000,605733
2016-11-09,44.820000,45.950001,43.070000,45.270000,45.270000,669639
2016-11-10,45.310001,45.639999,44.250000,44.660000,44.660000,946512
2016-11-13,null,null,null,null,null,null
2016-11-14,43.200001,43.810001,42.200001,43.320000,43.320000,631135
2016-11-15,43.759998,46.090000,43.549999,45.810001,45.810001,704766
2016-11-16,45.770000,46.410000,45.029999,45.570000,45.570000,706177
2016-11-17,45.369999,46.580002,44.880001,45.419998,45.419998,658169
2016-11-18,44.930000,45.770000,44.549999,45.689999,45.689999,284874
2016-11-20,null,null,null,null,null,null
2016-11-21,45.830002,47.799999,45.770000,47.490002,47.490002,155651
2016-11-22,48.369999,49.200001,47.169998,48.029999,48.029999,665326
2016-11-23,47.939999,48.430000,47.400002,47.959999,47.959999,826208
2016-11-25,47.970001,48.259998,45.880001,46.060001,46.060001,556861
2016-11-27,null,null,null,null,null,null
2016-11-28,45.430000,47.650002,45.139999,47.080002,47.080002,465977
2016-11-29,46.880001,46.980000,44.820000,45.230000,45.230000,734381
2016-11-30,45.240002,49.900002,45.220001,49.439999,49.439999,732818
2016-12-01,49.070000,51.799999,48.980000,51.060001,51.060001,1311000
2016-12-02,51.009998,51.730000,50.180000,51.680000,51.680000,974805
2016-12-04,null,null,null,null,null,null
2016-12-05,51.459999,52.419998,50.930000,51.790001,51.790001,667099
2016-12-06,50.970001,51.599998,50.279999,50.930000,50.930000,600782
2016-12-07,50.930000,51.200001,49.720001,49.770000,49.770000,642746
2016-12-08,49.880001,50.980000,49.610001,50.840000,50.840000,816879
2016-12-09,50.919998,51.660000,50.860001,51.500000,51.500000,780062
2016-12-11,null,null,null,null,null,null
2016-12-12,52.580002,54.509998,52.180000,52.830002,52.830002,652040
2016-12-13,52.509998,53.410000,52.349998,52.980000,52.980000,847025
2016-12-14,52.450001,52.779999,50.669998,51.040001,51.040001,638396
2016-12-15,50.790001,51.480000,49.950001,50.900002,50.900002,677957
2016-12-16,51.099998,52.080002,50.500000,51.900002,51.900002,551759
2016-12-18,null,null,null,null,null,null
2016-12-19,52.150002,52.520000,51.509998,52.119999,52.119999,252567
2016-12-20,52.110001,52.700001,51.849998,52.230000,52.230000,129990
2016-12-21,53.560001,53.790001,52.320000,52.490002,52.490002,416592
2016-12-22,52.520000,53.189999,52.080002,52.950001,52.950001,471993
2016-12-23,52.680000,53.279999,52.259998,53.020000,53.020000,393487
2016-12-25,null,null,null,null,null,null
2016-12-27,53.290001,54.099998,53.029999,53.900002,53.900002,285166
2016-12-28,53.930000,54.369999,53.560001,54.060001,54.060001,277306
2016-12-29,53.660000,54.209999,53.459999,53.770000,53.770000,322535
2016-12-30,53.869999,54.090000,53.410000,53.720001,53.720001,360194
2017-01-01,null,null,null,null,null,null
2017-01-03,54.200001,55.240002,52.110001,52.330002,52.330002,271094
2017-01-04,52.490002,53.430000,52.150002,53.259998,53.259998,727793
2017-01-05,53.389999,54.119999,52.790001,53.759998,53.759998,512641
2017-01-06,53.730000,54.320000,53.320000,53.990002,53.990002,517362
2017-01-08,null,null,null,null,null,null
2017-01-09,53.750000,53.830002,51.759998,51.959999,51.959999,528333
2017-01-10,51.830002,52.369999,50.709999,50.820000,50.820000,564893
2017-01-11,50.810001,52.779999,50.750000,52.250000,52.250000,632573
2017-01-12,52.369999,53.500000,52.119999,53.009998,53.009998,815846
2017-01-13,53.049999,53.169998,52.270000,52.369999,52.369999,660703
2017-01-15,null,null,null,null,null,null
2017-01-17,52.549999,53.520000,52.119999,52.480000,52.480000,477986
2017-01-18,52.520000,52.790001,50.910000,51.080002,51.080002,606023
2017-01-19,51.389999,51.869999,51.020000,51.369999,51.369999,236238
2017-01-20,51.450001,52.900002,51.389999,52.419998,52.419998,122593
2017-01-22,null,null,null,null,null,null
2017-01-23,53.330002,53.470001,52.209999,52.750000,52.750000,567231
2017-01-24,52.860001,53.560001,52.669998,53.180000,53.180000,455333
2017-01-25,52.950001,53.470001,52.560001,52.750000,52.750000,520285
2017-01-26,52.959999,54.060001,52.790001,53.779999,53.779999,589709
2017-01-27,53.740002,54.080002,52.580002,53.169998,53.169998,578065
2017-01-29,null,null,null,null,null,null
2017-01-30,53.150002,53.459999,52.410000,52.630001,52.630001,495556
2017-01-31,52.599998,53.560001,52.240002,52.810001,52.810001,486309
2017-02-01,52.759998,53.910000,52.639999,53.880001,53.880001,586676
2017-02-02,53.570000,54.340000,53.349998,53.540001,53.540001,577243
2017-02-03,53.680000,54.220001,53.400002,53.830002,53.830002,492553
2017-02-05,null,null,null,null,null,null
2017-02-06,53.810001,54.130001,52.910000,53.009998,53.009998,462616
2017-02-07,53.139999,53.240002,51.630001,52.169998,52.169998,425085
2017-02-08,51.639999,52.669998,51.220001,52.340000,52.340000,624057
2017-02-09,52.369999,53.209999,52.369999,53.000000,53.000000,767379
2017-02-10,53.150002,54.130001,52.900002,53.860001,53.860001,610196
2017-02-12,null,null,null,null,null,null
2017-02-13,53.799999,53.950001,52.770000,52.930000,52.930000,596449
2017-02-14,52.910000,53.720001,52.860001,53.200001,53.200001,586034
2017-02-15,53.000000,53.509998,52.730000,53.110001,53.110001,493022
2017-02-16,53.009998,53.590000,52.680000,53.360001,53.360001,463638
2017-02-17,53.470001,53.520000,52.880001,53.400002,53.400002,343363
2017-02-19,null,null,null,null,null,null
2017-02-21,53.480000,54.680000,53.349998,54.060001,54.060001,195352
2017-02-22,54.259998,54.599998,53.349998,53.590000,53.590000,665310
2017-02-23,53.910000,54.939999,53.869999,54.450001,54.450001,499480
2017-02-24,54.330002,54.509998,53.759998,53.990002,53.990002,529880
2017-02-26,null,null,null,null,null,null
2017-02-27,54.020000,54.610001,53.939999,54.049999,54.049999,395258
2017-02-28,54.040001,54.230000,53.180000,54.009998,54.009998,394380
2017-03-01,53.950001,54.439999,53.630001,53.830002,53.830002,593909
2017-03-02,53.689999,53.799999,52.540001,52.610001,52.610001,491289
2017-03-03,52.580002,53.389999,52.549999,53.330002,53.330002,638390
2017-03-05,null,null,null,null,null,null
2017-03-06,53.189999,53.560001,52.759998,53.200001,53.200001,436360
2017-03-07,53.169998,53.799999,52.709999,53.139999,53.139999,503692
2017-03-08,52.790001,52.919998,50.049999,50.279999,50.279999,494677
2017-03-09,50.220001,50.840000,48.590000,49.279999,49.279999,963392
2017-03-10,49.610001,50.110001,48.310001,48.490002,48.490002,1073506
2017-03-12,null,null,null,null,null,null
2017-03-13,48.450001,48.680000,47.900002,48.400002,48.400002,796960
2017-03-14,48.450001,48.790001,47.090000,47.720001,47.720001,601362
2017-03-15,48.759998,49.040001,48.160000,48.860001,48.860001,857711
2017-03-16,49.009998,49.619999,48.450001,48.750000,48.750000,655788
2017-03-17,48.790001,49.200001,48.599998,48.779999,48.779999,516853
2017-03-19,null,null,null,null,null,null
2017-03-20,48.700001,48.740002,47.840000,48.220001,48.220001,172340
2017-03-21,47.930000,48.730000,47.230000,47.340000,47.340000,142258
2017-03-22,48.160000,48.320000,47.009998,48.040001,48.040001,628119
2017-03-23,48.150002,48.480000,47.580002,47.700001,47.700001,680849
2017-03-24,47.669998,48.200001,47.540001,47.970001,47.970001,499878
2017-03-26,null,null,null,null,null,null
2017-03-27,48.119999,48.279999,47.080002,47.730000,47.730000,421027
2017-03-28,47.889999,48.740002,47.799999,48.369999,48.369999,466176
2017-03-29,48.470001,49.630001,48.380001,49.509998,49.509998,502377
2017-03-30,49.599998,50.470001,49.270000,50.349998,50.349998,548615
2017-03-31,50.320000,50.849998,49.900002,50.599998,50.599998,580668
2017-04-02,null,null,null,null,null,null
2017-04-03,50.689999,50.830002,50.119999,50.240002,50.240002,527607
2017-04-04,50.240002,51.299999,49.880001,51.029999,51.029999,440724
2017-04-05,51.180000,51.880001,50.740002,51.150002,51.150002,532054
2017-04-06,50.799999,51.820000,50.770000,51.700001,51.700001,651398
2017-04-07,51.700001,52.939999,51.490002,52.240002,52.240002,473019
2017-04-09,null,null,null,null,null,null
2017-04-10,52.310001,53.180000,52.290001,53.080002,53.080002,796437
2017-04-11,53.130001,53.450001,52.700001,53.400002,53.400002,565439
2017-04-12,53.400002,53.759998,52.709999,53.110001,53.110001,598003
2017-04-13,52.849998,53.389999,52.820000,53.180000,53.180000,629805
2017-04-16,null,null,null,null,null,null
2017-04-17,52.970001,53.209999,52.549999,52.650002,52.650002,480835
2017-04-18,52.750000,52.849998,52.099998,52.410000,52.410000,326340
2017-04-19,52.360001,52.650002,50.090000,50.439999,50.439999,202043
2017-04-20,50.630001,50.970001,50.180000,50.270000,50.270000,133173
2017-04-21,50.709999,50.930000,49.200001,49.619999,49.619999,606263
2017-04-23,null,null,null,null,null,null
2017-04-24,49.680000,50.220001,49.029999,49.230000,49.230000,687474
2017-04-25,49.220001,49.830002,48.869999,49.560001,49.560001,517897
2017-04-26,49.360001,50.200001,48.939999,49.619999,49.619999,587240
2017-04-27,49.220001,49.430000,48.200001,48.970001,48.970001,655717
2017-04-28,49.270000,49.759998,48.799999,49.330002,49.330002,771189
2017-04-30,null,null,null,null,null,null
2017-05-01,49.169998,49.320000,48.590000,48.840000,48.840000,633992
2017-05-02,48.779999,49.279999,47.349998,47.660000,47.660000,364386
2017-05-03,48.119999,48.230000,47.299999,47.820000,47.820000,702375
2017-05-04,47.599998,47.750000,45.290001,45.520000,45.520000,691319
2017-05-05,45.509998,46.680000,43.759998,46.220001,46.220001,943959
2017-05-07,null,null,null,null,null,null
2017-05-08,46.349998,46.980000,45.730000,46.430000,46.430000,1021610
2017-05-09,46.490002,46.779999,45.529999,45.880001,45.880001,785055
2017-05-10,46.180000,47.779999,46.009998,47.330002,47.330002,701944
2017-05-11,47.389999,48.220001,47.340000,47.830002,47.830002,819796
2017-05-12,47.810001,48.070000,47.349998,47.840000,47.840000,661783
2017-05-14,null,null,null,null,null,null
2017-05-15,47.849998,49.660000,47.750000,48.849998,48.849998,537490
2017-05-16,48.820000,49.380001,48.169998,48.660000,48.660000,687153
2017-05-17,48.230000,49.500000,48.029999,49.070000,49.070000,589212
2017-05-18,48.930000,49.599998,48.049999,49.349998,49.349998,650107
2017-05-19,49.279999,50.529999,49.279999,50.330002,50.330002,242754
2017-05-21,null,null,null,null,null,null
2017-05-22,50.599998,51.060001,50.439999,50.730000,50.730000,146452
2017-05-23,51.040001,51.790001,50.570000,51.470001,51.470001,564310
2017-05-24,51.439999,51.880001,51.029999,51.360001,51.360001,584139
2017-05-25,51.250000,52.000000,48.450001,48.900002,48.900002,736341
2017-05-26,48.750000,49.939999,48.180000,49.799999,49.799999,1147389
2017-05-28,null,null,null,null,null,null
2017-05-30,49.930000,50.279999,49.029999,49.660000,49.660000,763920
2017-05-31,49.650002,49.709999,47.730000,48.320000,48.320000,663486
2017-06-01,48.630001,49.169998,47.900002,48.360001,48.360001,779144
2017-06-02,48.040001,48.189999,46.740002,47.660000,47.660000,774478
2017-06-04,null,null,null,null,null,null
2017-06-05,47.709999,48.419998,46.860001,47.400002,47.400002,802662
2017-06-06,47.400002,48.400002,46.939999,48.189999,48.189999,710199
2017-06-07,47.980000,48.230000,45.650002,45.720001,45.720001,825056
2017-06-08,45.849998,46.180000,45.200001,45.639999,45.639999,1182327
2017-06-09,45.709999,46.180000,45.270000,45.830002,45.830002,927695
2017-06-11,null,null,null,null,null,null
2017-06-12,45.799999,46.709999,45.660000,46.080002,46.080002,735933
2017-06-13,46.009998,46.570000,45.560001,46.459999,46.459999,666765
2017-06-14,45.939999,46.490002,44.540001,44.730000,44.730000,783320
2017-06-15,44.689999,44.810001,44.220001,44.459999,44.459999,924408
2017-06-16,44.250000,44.939999,44.240002,44.740002,44.740002,500938
2017-06-18,null,null,null,null,null,null
2017-06-19,44.680000,45.060001,44.049999,44.200001,44.200001,191824
2017-06-20,44.110001,44.400002,42.750000,43.230000,43.230000,123943
2017-06-21,43.380001,44.200001,42.049999,42.529999,42.529999,894104
2017-06-22,42.549999,43.320000,42.259998,42.740002,42.740002,1071747
2017-06-23,42.799999,43.200001,42.529999,43.009998,43.009998,668830
2017-06-25,null,null,null,null,null,null
2017-06-26,43.160000,43.650002,42.630001,43.380001,43.380001,690906
2017-06-27,43.490002,44.439999,43.320000,44.240002,44.240002,661354
2017-06-28,43.700001,44.900002,43.669998,44.740002,44.740002,759115
2017-06-29,44.889999,45.450001,44.650002,44.930000,44.930000,753375
2017-06-30,44.889999,46.349998,44.880001,46.040001,46.040001,768946
2017-07-02,null,null,null,null,null,null
2017-07-03,null,null,null,null,null,null
2017-07-05,47.040001,47.320000,44.509998,45.130001,45.130001,517621
2017-07-06,45.650002,46.529999,45.180000,45.520000,45.520000,1173581
2017-07-07,45.349998,45.419998,43.779999,44.230000,44.230000,969676
2017-07-09,null,null,null,null,null,null
2017-07-10,44.349998,44.840000,43.650002,44.400002,44.400002,975914
2017-07-11,44.580002,45.810001,43.830002,45.040001,45.040001,848570
2017-07-12,45.740002,46.480000,45.110001,45.490002,45.490002,1010691
2017-07-13,45.439999,46.279999,44.990002,46.080002,46.080002,963505
2017-07-14,46.080002,46.740002,45.799999,46.540001,46.540001,748971
2017-07-16,null,null,null,null,null,null
2017-07-17,46.680000,46.880001,45.889999,46.020000,46.020000,742895
2017-07-18,45.990002,46.919998,45.810001,46.400002,46.400002,560633
2017-07-19,46.250000,47.259998,46.139999,47.119999,47.119999,208420
2017-07-20,47.090000,47.549999,46.660000,46.790001,46.790001,140677
2017-07-21,46.910000,47.209999,45.540001,45.770000,45.770000,720621
2017-07-23,null,null,null,null,null,null
2017-07-24,45.619999,46.529999,45.400002,46.340000,46.340000,769438
2017-07-25,46.459999,48.660000,46.380001,47.889999,47.889999,707910
2017-07-26,48.509998,48.869999,47.860001,48.750000,48.750000,885700
2017-07-27,48.700001,49.240002,48.250000,49.040001,49.040001,887864
2017-07-28,49.169998,49.810001,48.860001,49.709999,49.709999,880757
2017-07-30,null,null,null,null,null,null
2017-07-31,49.849998,50.410000,49.180000,50.169998,50.169998,771225
2017-08-01,50.209999,50.430000,48.369999,49.160000,49.160000,781539
2017-08-02,48.799999,49.650002,48.549999,49.590000,49.590000,1008583
2017-08-03,49.590000,49.959999,48.779999,49.029999,49.029999,847722
2017-08-04,48.950001,49.639999,48.500000,49.580002,49.580002,837763
2017-08-06,null,null,null,null,null,null
2017-08-07,49.590000,49.730000,48.540001,49.389999,49.389999,745664
2017-08-08,49.310001,49.790001,48.860001,49.169998,49.169998,831374
2017-08-09,49.000000,49.720001,48.900002,49.560001,49.560001,924240
2017-08-10,49.680000,50.220001,48.349998,48.590000,48.590000,858250
2017-08-11,48.520000,48.980000,47.980000,48.820000,48.820000,1135440
2017-08-13,null,null,null,null,null,null
2017-08-14,48.790001,49.160000,47.430000,47.590000,47.590000,804237
2017-08-15,47.490002,47.900002,47.020000,47.549999,47.549999,763241
2017-08-16,47.720001,47.990002,46.669998,46.779999,46.779999,770358
2017-08-17,46.799999,47.189999,46.459999,47.090000,47.090000,815544
2017-08-18,46.930000,48.740002,46.779999,48.509998,48.509998,608314
2017-08-20,null,null,null,null,null,null
2017-08-21,48.720001,48.750000,47.029999,47.369999,47.369999,253069
2017-08-22,47.450001,48.029999,47.200001,47.639999,47.639999,129192
2017-08-23,47.639999,48.500000,47.529999,48.410000,48.410000,864387
2017-08-24,48.360001,48.430000,47.060001,47.430000,47.430000,701693
2017-08-25,47.619999,47.910000,47.389999,47.869999,47.869999,831358
2017-08-27,null,null,null,null,null,null
2017-08-28,47.889999,48.200001,46.150002,46.570000,46.570000,646518
2017-08-29,46.860001,46.959999,45.759998,46.439999,46.439999,921285
2017-08-30,46.310001,46.720001,45.840000,45.959999,45.959999,895643
2017-08-31,45.950001,47.470001,45.580002,47.230000,47.230000,895643
2017-09-01,47.080002,47.349998,46.560001,47.290001,47.290001,882983
2017-09-03,null,null,null,null,null,null
2017-09-05,47.279999,48.980000,47.150002,48.660000,48.660000,915708
2017-09-06,48.590000,49.419998,48.520000,49.160000,49.160000,742808
2017-09-07,49.139999,49.330002,48.630001,49.090000,49.090000,788963
2017-09-08,49.090000,49.259998,47.270000,47.480000,47.480000,702514
2017-09-10,null,null,null,null,null,null
2017-09-11,47.580002,48.270000,47.000000,48.070000,48.070000,843760
2017-09-12,48.119999,48.439999,47.730000,48.230000,48.230000,774468
2017-09-13,48.340000,49.400002,48.119999,49.299999,49.299999,676040
2017-09-14,49.310001,50.500000,49.150002,49.889999,49.889999,706925
2017-09-15,49.720001,50.130001,49.410000,49.889999,49.889999,709035
2017-09-17,null,null,null,null,null,null
2017-09-18,49.849998,50.330002,49.189999,49.910000,49.910000,433597
2017-09-19,49.910000,50.419998,49.330002,49.480000,49.480000,189605
2017-09-20,49.840000,50.650002,49.750000,50.410000,50.410000,143379
2017-09-21,50.720001,50.810001,50.070000,50.549999,50.549999,754413
2017-09-22,50.730000,50.779999,50.290001,50.660000,50.660000,580569
2017-09-24,null,null,null,null,null,null
2017-09-25,50.680000,52.279999,50.389999,52.220001,52.220001,473795
2017-09-26,52.119999,52.430000,51.430000,51.880001,51.880001,701244
2017-09-27,52.090000,52.340000,51.630001,52.139999,52.139999,709515
2017-09-28,52.049999,52.860001,51.220001,51.560001,51.560001,637035
2017-09-29,51.580002,51.770000,51.250000,51.669998,51.669998,801816
2017-10-01,null,null,null,null,null,null
2017-10-02,51.639999,51.709999,50.070000,50.580002,50.580002,551982
2017-10-03,50.590000,50.730000,50.139999,50.419998,50.419998,600933
2017-10-04,50.160000,50.669998,49.759998,49.980000,49.980000,462735
2017-10-05,49.880001,51.220001,49.849998,50.790001,50.790001,598836
2017-10-06,50.750000,50.820000,49.099998,49.290001,49.290001,654385
2017-10-08,null,null,null,null,null,null
2017-10-09,49.250000,49.790001,49.130001,49.580002,49.580002,743114
2017-10-10,49.549999,51.060001,49.540001,50.919998,50.919998,505079
2017-10-11,50.939999,51.419998,50.610001,51.299999,51.299999,664839
2017-10-12,51.000000,51.130001,50.150002,50.599998,50.599998,651948
2017-10-13,50.730000,51.720001,50.700001,51.450001,51.450001,729273
2017-10-15,null,null,null,null,null,null
2017-10-16,51.430000,52.369999,51.349998,51.869999,51.869999,667497
2017-10-17,51.930000,52.250000,51.209999,51.880001,51.880001,520725
2017-10-18,51.939999,52.330002,51.689999,52.040001,52.040001,471612
2017-10-19,52.049999,52.169998,51.070000,51.290001,51.290001,152620
2017-10-20,51.419998,51.730000,50.700001,51.470001,51.470001,127413
2017-10-22,null,null,null,null,null,null
2017-10-23,52.070000,52.299999,51.680000,51.900002,51.900002,674142
2017-10-24,51.889999,52.619999,51.549999,52.470001,52.470001,583563
2017-10-25,52.560001,52.570000,51.889999,52.180000,52.180000,709553
2017-10-26,52.189999,52.860001,51.910000,52.639999,52.639999,681739
2017-10-27,52.799999,54.200001,52.250000,53.900002,53.900002,594647
2017-10-29,null,null,null,null,null,null
2017-10-30,54.160000,54.459999,53.750000,54.150002,54.150002,730915
2017-10-31,54.080002,54.849998,53.930000,54.380001,54.380001,565043
2017-11-01,54.650002,55.220001,53.889999,54.299999,54.299999,497295
2017-11-02,54.279999,54.840000,53.990002,54.540001,54.540001,671038
2017-11-03,54.730000,55.759998,54.400002,55.639999,55.639999,482846
2017-11-05,null,null,null,null,null,null
2017-11-06,55.970001,57.610001,55.660000,57.349998,57.349998,614159
2017-11-07,57.270000,57.689999,56.830002,57.200001,57.200001,861713
2017-11-08,56.959999,57.919998,56.410000,56.810001,56.810001,750187
2017-11-09,56.849998,57.529999,56.689999,57.169998,57.169998,919147
2017-11-10,57.020000,57.349998,56.549999,56.740002,56.740002,666949
2017-11-12,null,null,null,null,null,null
2017-11-13,56.900002,57.150002,56.299999,56.759998,56.759998,541296
2017-11-14,56.720001,56.770000,54.810001,55.700001,55.700001,631619
2017-11-15,55.060001,55.560001,54.880001,55.330002,55.330002,707338
2017-11-16,55.299999,55.619999,54.930000,55.139999,55.139999,501385
2017-11-17,55.250000,56.680000,55.180000,56.549999,56.549999,213923
2017-11-19,null,null,null,null,null,null
2017-11-20,56.689999,56.759998,55.570000,56.090000,56.090000,184944
2017-11-21,56.380001,57.220001,56.320000,56.830002,56.830002,593241
2017-11-22,57.119999,58.150002,57.029999,58.020000,58.020000,619066
2017-11-24,null,null,null,null,null,null
2017-11-26,null,null,null,null,null,null
2017-11-27,58.950001,58.990002,57.549999,58.110001,58.110001,577826
2017-11-28,57.860001,58.110001,57.419998,57.990002,57.990002,690078
2017-11-29,57.730000,58.299999,56.750000,57.299999,57.299999,546526
2017-11-30,57.410000,57.980000,56.820000,57.400002,57.400002,741564
2017-12-01,57.419998,58.880001,57.290001,58.360001,58.360001,735128
2017-12-03,null,null,null,null,null,null
2017-12-04,58.320000,58.340000,57.349998,57.470001,57.470001,685215
2017-12-05,57.480000,57.919998,57.080002,57.619999,57.619999,529965
2017-12-06,57.450001,57.570000,55.869999,55.959999,55.959999,499245
2017-12-07,56.000000,56.779999,55.820000,56.689999,56.689999,678992
2017-12-08,56.650002,57.790001,56.540001,57.360001,57.360001,557325
2017-12-10,null,null,null,null,null,null
2017-12-11,57.250000,58.080002,56.910000,57.990002,57.990002,681599
2017-12-12,58.020000,58.560001,56.849998,57.139999,57.139999,606724
2017-12-13,57.450001,57.830002,56.549999,56.599998,56.599998,826488
2017-12-14,56.700001,57.220001,56.090000,57.040001,57.040001,658143
2017-12-15,57.150002,57.490002,56.939999,57.299999,57.299999,580571
2017-12-17,null,null,null,null,null,null
2017-12-18,57.369999,57.779999,56.820000,57.160000,57.160000,210054
2017-12-19,57.299999,57.639999,57.160000,57.459999,57.459999,137151
2017-12-20,57.660000,58.119999,57.439999,58.090000,58.090000,420784
2017-12-21,58.020000,58.380001,57.630001,58.360001,58.360001,420844
2017-12-22,58.209999,58.500000,57.869999,58.470001,58.470001,405320
2017-12-24,null,null,null,null,null,null
2017-12-26,58.400002,60.009998,58.320000,59.970001,59.970001,324554
2017-12-27,59.790001,59.930000,59.330002,59.639999,59.639999,437785
2017-12-28,59.529999,59.939999,59.439999,59.840000,59.840000,402396
2017-12-29,59.910000,60.509998,59.820000,60.419998,60.419998,345962
2017-12-31,null,null,null,null,null,null
2018-01-02,60.200001,60.740002,60.099998,60.369999,60.369999,464478
2018-01-03,60.389999,61.970001,60.279999,61.630001,61.630001,510313
2018-01-04,61.959999,62.209999,61.590000,62.009998,62.009998,673859
2018-01-05,61.900002,62.040001,61.090000,61.439999,61.439999,654363
2018-01-07,null,null,null,null,null,null
2018-01-08,61.610001,61.970001,61.340000,61.730000,61.730000,563036
2018-01-09,61.919998,63.480000,61.799999,62.959999,62.959999,616474
2018-01-10,63.410000,63.669998,63.090000,63.570000,63.570000,844720
2018-01-11,63.500000,64.769997,63.430000,63.799999,63.799999,697844
2018-01-12,63.570000,64.500000,63.060001,64.300003,64.300003,876642
2018-01-14,null,null,null,null,null,null
2018-01-16,64.430000,64.889999,63.389999,63.730000,63.730000,678727
2018-01-17,63.889999,64.169998,63.310001,63.970001,63.970001,867771
2018-01-18,64.070000,64.349998,63.470001,63.950001,63.950001,444384
2018-01-19,63.740002,63.770000,62.849998,63.369999,63.369999,204504
2018-01-21,null,null,null,null,null,null
2018-01-22,63.610001,64.139999,63.169998,63.490002,63.490002,142711
2018-01-23,63.880001,64.879997,63.700001,64.470001,64.470001,625662
2018-01-24,64.419998,66.050003,64.339996,65.610001,65.610001,662456
2018-01-25,65.879997,66.660004,65.080002,65.510002,65.510002,887018
2018-01-26,65.250000,66.349998,64.910004,66.139999,66.139999,771758
2018-01-28,null,null,null,null,null,null
2018-01-29,66.180000,66.459999,64.980003,65.559998,65.559998,678186
2018-01-30,65.529999,65.559998,63.889999,64.500000,64.500000,656168
2018-01-31,64.029999,64.940002,63.669998,64.730003,64.730003,688380
2018-02-01,64.760002,66.250000,64.629997,65.800003,65.800003,613258
2018-02-02,65.989998,66.300003,64.470001,65.449997,65.449997,685750
2018-02-04,null,null,null,null,null,null
2018-02-05,65.099998,65.400002,63.419998,64.150002,64.150002,857572
2018-02-06,63.430000,64.290001,63.119999,63.389999,63.389999,891063
2018-02-07,63.919998,64.180000,61.250000,61.790001,61.790001,797814
2018-02-08,61.700001,62.090000,60.270000,61.150002,61.150002,1029408
2018-02-09,60.430000,60.770000,58.070000,59.200001,59.200001,929578
2018-02-11,null,null,null,null,null,null
2018-02-12,59.119999,60.830002,59.099998,59.290001,59.290001,933307
2018-02-13,59.349998,59.730000,58.389999,59.189999,59.189999,736917
2018-02-14,58.980000,60.900002,58.200001,60.599998,60.599998,580600
2018-02-15,60.709999,61.639999,59.720001,61.340000,61.340000,650324
2018-02-16,61.450001,61.990002,60.880001,61.680000,61.680000,340401
2018-02-18,null,null,null,null,null,null
2018-02-20,61.630001,62.740002,61.580002,61.900002,61.900002,181179
2018-02-21,61.630001,61.860001,60.919998,61.680000,61.680000,794481
2018-02-22,61.340000,63.090000,60.750000,62.770000,62.770000,466924
2018-02-23,62.599998,63.730000,62.330002,63.549999,63.549999,592603
2018-02-25,null,null,null,null,null,null
2018-02-26,63.599998,64.239998,63.060001,63.910000,63.910000,460597
2018-02-27,64.059998,64.080002,62.639999,63.009998,63.009998,469853
2018-02-28,62.790001,63.439999,61.360001,61.639999,61.639999,562670
2018-03-01,61.549999,61.830002,60.180000,60.990002,60.990002,768409
2018-03-02,61.340000,61.599998,60.130001,61.250000,61.250000,812505
2018-03-04,null,null,null,null,null,null
2018-03-05,61.549999,62.790001,61.099998,62.570000,62.570000,613514
2018-03-06,62.580002,63.279999,62.169998,62.599998,62.599998,599266
2018-03-07,62.299999,62.580002,60.580002,61.150002,61.150002,634953
2018-03-08,61.330002,61.400002,59.950001,60.119999,60.119999,879119
2018-03-09,60.270000,62.180000,60.139999,62.040001,62.040001,720510
2018-03-11,null,null,null,null,null,null
2018-03-12,62.099998,62.330002,60.669998,61.360001,61.360001,659722
2018-03-13,61.369999,61.970001,60.270000,60.709999,60.709999,537990
2018-03-14,60.869999,61.330002,60.110001,60.959999,60.959999,747738
2018-03-15,60.950001,61.540001,60.820000,61.189999,61.189999,665017
2018-03-16,61.189999,62.540001,61.080002,62.340000,62.340000,430201
2018-03-18,null,null,null,null,null,null
2018-03-19,62.230000,62.349998,61.360001,62.060001,62.060001,202493
2018-03-20,62.099998,63.810001,62.080002,63.400002,63.400002,115962
2018-03-21,63.720001,65.550003,63.580002,65.169998,65.169998,717709
2018-03-22,65.500000,65.739998,64.139999,64.300003,64.300003,763768
2018-03-23,64.279999,66.000000,64.110001,65.879997,65.879997,689172
2018-03-25,null,null,null,null,null,null
2018-03-26,65.900002,66.550003,65.080002,65.550003,65.550003,752994
2018-03-27,65.529999,66.410004,64.529999,65.250000,65.250000,585899
2018-03-28,64.699997,65.129997,63.720001,64.379997,64.379997,670811
2018-03-29,64.690002,65.260002,64.160004,64.940002,64.940002,697678
2018-04-01,null,null,null,null,null,null
2018-04-02,64.910004,65.419998,62.799999,63.009998,63.009998,562819
2018-04-03,62.889999,63.860001,62.860001,63.509998,63.509998,582742
2018-04-04,63.590000,63.639999,62.060001,63.369999,63.369999,527289
2018-04-05,63.599998,64.120003,63.070000,63.540001,63.540001,760596
2018-04-06,63.700001,63.790001,61.810001,62.060001,62.060001,588597
2018-04-08,null,null,null,null,null,null
2018-04-09,62.000000,63.610001,61.930000,63.419998,63.419998,753262
2018-04-10,63.299999,65.860001,63.200001,65.510002,65.510002,655831
2018-04-11,65.589996,67.449997,65.150002,66.820000,66.820000,840280
2018-04-12,66.750000,67.330002,66.000000,67.070000,67.070000,963017
2018-04-13,67.180000,67.760002,66.699997,67.389999,67.389999,687468
2018-04-15,null,null,null,null,null,null
2018-04-16,67.239998,67.739998,66.129997,66.220001,66.220001,624203
2018-04-17,66.419998,66.750000,65.559998,66.519997,66.519997,560076
2018-04-18,66.680000,68.910004,66.559998,68.470001,68.470001,486076
2018-04-19,68.750000,69.559998,67.980003,68.290001,68.290001,221664
2018-04-20,68.260002,68.620003,67.500000,68.379997,68.379997,125993
2018-04-22,null,null,null,null,null,null
2018-04-23,68.220001,69.029999,67.139999,68.639999,68.639999,724906
2018-04-24,68.949997,69.379997,67.540001,67.699997,67.699997,740941
2018-04-25,67.750000,68.180000,67.110001,68.050003,68.050003,832296
2018-04-26,68.029999,68.779999,67.709999,68.190002,68.190002,764049
2018-04-27,68.209999,68.360001,67.639999,68.099998,68.099998,660549
2018-04-29,null,null,null,null,null,null
2018-04-30,68.150002,69.339996,67.169998,68.570000,68.570000,542549
2018-05-01,68.559998,68.900002,66.849998,67.250000,67.250000,755186
2018-05-02,67.489998,68.139999,66.919998,67.930000,67.930000,694771
2018-05-03,67.680000,68.599998,67.209999,68.430000,68.430000,789367
2018-05-04,68.500000,69.970001,68.120003,69.720001,69.720001,691219
2018-05-06,null,null,null,null,null,null
2018-05-07,69.849998,70.839996,69.510002,70.730003,70.730003,690876
2018-05-08,70.029999,70.400002,67.629997,69.059998,69.059998,758916
2018-05-09,70.050003,71.360001,69.849998,71.139999,71.139999,1253566
2018-05-10,71.230003,71.889999,70.559998,71.360001,71.360001,863386
2018-05-11,71.449997,71.629997,70.449997,70.699997,70.699997,749808
2018-05-13,null,null,null,null,null,null
2018-05-14,70.540001,71.260002,70.260002,70.959999,70.959999,634145
2018-05-15,71.150002,71.919998,70.419998,71.309998,71.309998,592826
2018-05-16,71.019997,71.589996,70.660004,71.489998,71.489998,815289
2018-05-17,71.559998,72.300003,71.089996,71.489998,71.489998,574279
2018-05-18,71.599998,71.750000,70.989998,71.279999,71.279999,562639
2018-05-20,null,null,null,null,null,null
2018-05-21,71.470001,72.589996,71.250000,72.239998,72.239998,211785
2018-05-22,72.529999,72.830002,71.900002,72.129997,72.129997,119892
2018-05-23,72.110001,72.260002,71.190002,71.839996,71.839996,723458
2018-05-24,71.830002,72.000000,70.519997,70.709999,70.709999,702791
2018-05-25,70.650002,70.800003,67.419998,67.879997,67.879997,640725
2018-05-27,null,null,null,null,null,null
2018-05-29,66.489998,67.349998,65.919998,66.730003,66.730003,955354
2018-05-30,66.849998,68.669998,66.349998,68.209999,68.209999,1059750
2018-05-31,68.239998,68.300003,66.559998,67.040001,67.040001,726886
2018-06-01,67.070000,67.339996,65.510002,65.809998,65.809998,917563
2018-06-03,null,null,null,null,null,null
2018-06-04,65.709999,66.040001,64.570000,64.750000,64.750000,781103
2018-06-05,64.940002,65.570000,64.220001,65.519997,65.519997,696050
2018-06-06,65.510002,65.959999,64.269997,64.730003,64.730003,714674
2018-06-07,65.070000,66.070000,64.809998,65.949997,65.949997,708829
2018-06-08,65.980003,66.239998,65.150002,65.739998,65.739998,675041
2018-06-10,null,null,null,null,null,null
2018-06-11,65.559998,66.349998,64.849998,66.099998,66.099998,571224
2018-06-12,66.050003,66.699997,65.870003,66.360001,66.360001,558281
2018-06-13,66.010002,66.889999,65.519997,66.639999,66.639999,524411
2018-06-14,66.620003,67.160004,66.360001,66.889999,66.889999,626398
2018-06-15,66.620003,67.160004,64.290001,65.059998,65.059998,460168
2018-06-17,null,null,null,null,null,null
2018-06-18,64.400002,65.980003,63.590000,65.849998,65.849998,512591
2018-06-19,65.820000,65.900002,64.389999,65.070000,65.070000,218933
2018-06-20,65.110001,66.529999,65.010002,66.220001,66.220001,122646
2018-06-21,65.339996,66.220001,64.339996,65.540001,65.540001,801625
2018-06-22,65.930000,69.379997,65.709999,68.580002,68.580002,760719
2018-06-24,null,null,null,null,null,null
2018-06-25,68.750000,69.440002,67.779999,68.080002,68.080002,1136232
2018-06-26,68.209999,70.910004,67.720001,70.529999,70.529999,816207
2018-06-27,70.680000,73.059998,70.559998,72.760002,72.760002,848537
2018-06-28,72.269997,74.029999,72.199997,73.449997,73.449997,775155
2018-06-29,73.330002,74.459999,72.930000,74.150002,74.150002,717347
2018-07-01,null,null,null,null,null,null
2018-07-02,73.620003,74.349998,72.510002,73.940002,73.940002,602399
2018-07-03,null,null,null,null,null,null
2018-07-05,74.349998,74.800003,72.529999,72.940002,72.940002,667235
2018-07-06,73.160004,74.010002,72.139999,73.800003,73.800003,841632
2018-07-08,null,null,null,null,null,null
2018-07-09,73.870003,74.279999,72.989998,73.849998,73.849998,611419
2018-07-10,74.040001,74.699997,73.650002,74.110001,74.110001,533003
2018-07-11,74.199997,74.260002,70.019997,70.379997,70.379997,586829
2018-07-12,70.599998,71.239998,69.230003,70.330002,70.330002,861726
2018-07-13,70.379997,71.660004,69.839996,71.010002,71.010002,707887
2018-07-15,null,null,null,null,null,null
2018-07-16,70.519997,70.870003,67.580002,68.059998,68.059998,530277
2018-07-17,68.029999,68.440002,67.029999,68.080002,68.080002,530480
2018-07-18,67.610001,69.059998,67.040001,68.760002,68.760002,440727
2018-07-19,69.000000,70.169998,67.800003,69.459999,69.459999,187313
2018-07-20,69.389999,71.099998,69.370003,70.459999,70.459999,103220
2018-07-22,null,null,null,null,null,null
2018-07-23,68.169998,69.309998,67.599998,67.889999,67.889999,500967
2018-07-24,67.800003,69.050003,67.559998,68.519997,68.519997,555915
2018-07-25,68.769997,69.699997,68.199997,69.300003,69.300003,524591
2018-07-26,69.379997,69.919998,68.919998,69.610001,69.610001,622913
2018-07-27,69.580002,69.769997,68.260002,68.690002,68.690002,489059
2018-07-29,null,null,null,null,null,null
2018-07-30,69.010002,70.430000,68.800003,70.129997,70.129997,460450
2018-07-31,70.050003,70.220001,67.980003,68.760002,68.760002,463011
2018-08-01,68.430000,68.519997,67.309998,67.660004,67.660004,519070
2018-08-02,67.860001,69.360001,66.919998,68.959999,68.959999,576561
2018-08-03,68.989998,69.239998,67.870003,68.489998,68.489998,531071
2018-08-05,null,null,null,null,null,null
2018-08-06,68.650002,69.919998,68.500000,69.010002,69.010002,476615
2018-08-07,68.900002,69.830002,68.809998,69.169998,69.169998,495605
2018-08-08,69.089996,69.370003,66.320000,66.940002,66.940002,485027
2018-08-09,66.790001,67.410004,66.489998,66.809998,66.809998,760313
2018-08-10,66.739998,67.870003,66.139999,67.629997,67.629997,509401
2018-08-12,null,null,null,null,null,null
2018-08-13,67.779999,67.949997,65.709999,67.199997,67.199997,524490
2018-08-14,67.419998,68.370003,66.580002,67.040001,67.040001,578219
2018-08-15,66.620003,66.900002,64.510002,65.010002,65.010002,538484
2018-08-16,64.949997,65.519997,64.430000,65.459999,65.459999,573473
2018-08-17,65.470001,66.389999,65.300003,65.910004,65.910004,383380
2018-08-19,null,null,null,null,null,null
2018-08-20,65.910004,66.680000,65.589996,66.430000,66.430000,171403
2018-08-21,66.620003,68.099998,66.519997,67.349998,67.349998,112709
2018-08-22,66.080002,68.150002,65.980003,67.860001,67.860001,437164
2018-08-23,68.070000,68.120003,67.320000,67.830002,67.830002,581899
2018-08-24,67.900002,69.309998,67.779999,68.720001,68.720001,450690
2018-08-26,null,null,null,null,null,null
2018-08-27,68.570000,68.970001,68.339996,68.870003,68.870003,517796
2018-08-28,68.930000,69.199997,68.209999,68.529999,68.529999,332612
2018-08-29,68.540001,69.760002,68.370003,69.510002,69.510002,426833
2018-08-30,69.709999,70.500000,69.550003,70.250000,70.250000,497095
2018-08-31,70.059998,70.360001,69.639999,69.800003,69.800003,445584
2018-09-02,null,null,null,null,null,null
2018-09-04,70.120003,71.400002,69.080002,69.870003,69.870003,419739
2018-09-05,69.430000,69.589996,68.559998,68.720001,68.720001,785981
2018-09-06,68.639999,69.019997,67.000000,67.769997,67.769997,542104
2018-09-07,67.879997,68.080002,66.860001,67.750000,67.750000,633824
2018-09-09,null,null,null,null,null,null
2018-09-10,67.820000,68.519997,67.330002,67.540001,67.540001,530895
2018-09-11,67.529999,70.010002,67.480003,69.250000,69.250000,571174
2018-09-12,69.889999,71.260002,69.500000,70.370003,70.370003,676869
2018-09-13,70.239998,70.279999,68.349998,68.589996,68.589996,800543
2018-09-14,68.790001,69.910004,67.940002,68.989998,68.989998,684937
2018-09-16,null,null,null,null,null,null
2018-09-17,68.930000,69.720001,68.529999,68.910004,68.910004,611075
2018-09-18,68.800003,70.419998,68.529999,69.849998,69.849998,422294
2018-09-19,69.709999,71.500000,69.650002,71.120003,71.120003,234202
2018-09-20,71.389999,71.809998,70.730003,70.800003,70.800003,125208
2018-09-21,70.199997,71.800003,69.980003,70.779999,70.779999,607520
2018-09-23,null,null,null,null,null,null
2018-09-24,71.139999,72.739998,71.139999,72.080002,72.080002,855943
2018-09-25,72.250000,72.779999,71.889999,72.279999,72.279999,576894
2018-09-26,72.089996,72.379997,71.470001,71.570000,71.570000,551280
2018-09-27,72.010002,72.599998,71.709999,72.120003,72.120003,464463
2018-09-28,72.180000,73.730003,71.879997,73.250000,73.250000,454549
2018-09-30,null,null,null,null,null,null
2018-10-01,73.290001,75.769997,72.949997,75.300003,75.300003,544047
2018-10-02,75.419998,75.910004,74.930000,75.230003,75.230003,601451
2018-10-03,75.120003,76.900002,74.300003,76.410004,76.410004,463615
2018-10-04,76.180000,76.470001,73.879997,74.330002,74.330002,698817
2018-10-05,74.669998,75.220001,73.839996,74.339996,74.339996,687949
2018-10-07,null,null,null,null,null,null
2018-10-08,74.400002,74.580002,73.070000,74.290001,74.290001,613218
2018-10-09,74.209999,75.279999,74.000000,74.959999,74.959999,554938
2018-10-10,74.660004,75.080002,72.379997,73.169998,73.169998,623537
2018-10-11,72.680000,72.760002,70.510002,70.970001,70.970001,652737
2018-10-12,70.989998,72.010002,70.639999,71.339996,71.339996,783962
2018-10-14,null,null,null,null,null,null
2018-10-15,71.849998,72.699997,70.849998,71.779999,71.779999,626668
2018-10-16,71.720001,72.290001,71.019997,71.919998,71.919998,568610
2018-10-17,72.169998,72.430000,69.430000,69.750000,69.750000,535003
2018-10-18,70.029999,70.029999,68.470001,68.650002,68.650002,651584
2018-10-19,68.680000,69.769997,68.559998,69.120003,69.120003,215337
2018-10-21,null,null,null,null,null,null
2018-10-22,69.410004,69.650002,68.269997,69.169998,69.169998,108311
2018-10-23,69.550003,69.660004,65.739998,66.430000,66.430000,513770
2018-10-24,66.169998,67.720001,66.050003,66.820000,66.820000,853265
2018-10-25,66.360001,67.650002,65.989998,67.330002,67.330002,775963
2018-10-26,66.949997,67.879997,66.199997,67.589996,67.589996,573096
2018-10-28,null,null,null,null,null,null
2018-10-29,67.550003,67.949997,66.290001,67.040001,67.040001,595211
2018-10-30,66.680000,67.260002,65.330002,66.180000,66.180000,477487
2018-10-31,66.320000,67.000000,64.809998,65.309998,65.309998,680441
2018-11-01,64.879997,65.389999,63.110001,63.689999,63.689999,666487
2018-11-02,63.500000,63.950001,62.630001,63.139999,63.139999,790286
2018-11-04,null,null,null,null,null,null
2018-11-05,62.990002,64.139999,62.520000,63.099998,63.099998,708906
2018-11-06,62.700001,63.320000,61.310001,62.209999,62.209999,609129
2018-11-07,61.740002,63.180000,61.200001,61.669998,61.669998,761240
2018-11-08,61.639999,62.419998,60.400002,60.669998,60.669998,866628
2018-11-09,60.750000,60.790001,59.259998,60.189999,60.189999,764546
2018-11-11,null,null,null,null,null,null
2018-11-12,60.700001,61.279999,58.680000,59.930000,59.930000,821729
2018-11-13,58.880001,59.349998,54.750000,55.689999,55.689999,806219
2018-11-14,55.270000,57.369999,55.130001,56.250000,56.250000,1095643
2018-11-15,56.020000,57.259998,55.590000,56.459999,56.459999,844696
2018-11-16,56.580002,57.959999,55.889999,56.459999,56.459999,256499
2018-11-18,null,null,null,null,null,null
2018-11-19,56.720001,57.330002,55.080002,56.759998,56.759998,159001
2018-11-20,57.389999,57.439999,52.770000,53.430000,53.430000,699684
2018-11-21,53.389999,55.860001,53.389999,54.630001,54.630001,983120
2018-11-23,null,null,null,null,null,null
2018-11-25,null,null,null,null,null,null
2018-11-26,50.619999,52.250000,50.099998,51.630001,51.630001,1014667
2018-11-27,51.540001,52.380001,50.299999,51.560001,51.560001,663108
2018-11-28,52.090000,52.560001,50.060001,50.290001,50.290001,764010
2018-11-29,50.310001,52.200001,49.410000,51.450001,51.450001,831688
2018-11-30,51.270000,51.790001,49.650002,50.930000,50.930000,812721
2018-12-02,null,null,null,null,null,null
2018-12-03,52.450001,53.849998,52.029999,52.950001,52.950001,796714
2018-12-04,53.130001,54.549999,52.430000,53.250000,53.250000,758010
2018-12-06,52.930000,53.299999,50.080002,51.490002,51.490002,624914
2018-12-07,51.759998,54.220001,50.599998,52.610001,52.610001,987266
2018-12-09,null,null,null,null,null,null
2018-12-10,52.029999,52.810001,50.529999,51.000000,51.000000,987717
2018-12-11,50.889999,52.430000,50.700001,51.650002,51.650002,733225
2018-12-12,51.950001,52.880001,50.939999,51.150002,51.150002,665262
2018-12-13,51.200001,53.270000,50.349998,52.580002,52.580002,730810
2018-12-14,52.830002,52.950001,50.840000,51.200001,51.200001,733627
2018-12-16,null,null,null,null,null,null
2018-12-17,51.250000,51.869999,49.009998,49.880001,49.880001,526839
2018-12-18,49.160000,49.590000,45.790001,46.240002,46.240002,211257
2018-12-19,45.930000,48.000000,45.930000,47.200001,47.200001,120101
2018-12-20,47.389999,47.509998,45.669998,45.880001,45.880001,817721
2018-12-21,46.250000,46.770000,45.130001,45.590000,45.590000,794130
2018-12-23,null,null,null,null,null,null
2018-12-24,null,null,null,null,null,null
2018-12-26,42.849998,47.000000,42.520000,46.220001,46.220001,415859
2018-12-27,46.580002,46.700001,44.369999,44.610001,44.610001,698408
2018-12-28,45.439999,46.220001,44.419998,45.330002,45.330002,665590
2018-12-30,null,null,null,null,null,null
2018-12-31,45.220001,46.529999,44.730000,45.410000,45.410000,564385
2019-01-02,45.799999,47.779999,44.349998,46.540001,46.540001,476970
2019-01-03,46.259998,47.490002,45.349998,47.090000,47.090000,850480
2019-01-04,46.900002,49.220001,46.650002,47.959999,47.959999,788718
2019-01-06,null,null,null,null,null,null
2019-01-07,48.299999,49.790001,48.110001,48.520000,48.520000,817277
2019-01-08,48.730000,49.950001,48.310001,49.779999,49.779999,819939
2019-01-09,49.799999,52.580002,49.709999,52.360001,52.360001,765981
2019-01-10,52.180000,52.779999,51.369999,52.590000,52.590000,891922
2019-01-11,52.279999,53.310001,51.180000,51.590000,51.590000,821782
2019-01-13,null,null,null,null,null,null
2019-01-14,51.730000,52.110001,50.380001,50.509998,50.509998,812339
2019-01-15,50.779999,52.299999,50.639999,52.110001,52.110001,791527
2019-01-16,52.000000,52.520000,51.259998,52.310001,52.310001,664183
2019-01-17,52.299999,52.580002,50.980000,52.070000,52.070000,694182
2019-01-18,52.230000,53.919998,52.090000,53.799999,53.799999,288560
2019-01-20,null,null,null,null,null,null
2019-01-22,53.730000,54.240002,51.799999,52.570000,52.570000,193099
2019-01-23,52.950001,53.639999,51.860001,52.619999,52.619999,951158
2019-01-24,52.450001,53.470001,52.070000,53.130001,53.130001,702866
2019-01-25,53.169998,53.939999,52.910000,53.689999,53.689999,714415
2019-01-27,null,null,null,null,null,null
2019-01-28,53.560001,53.639999,51.330002,51.990002,51.990002,593385
2019-01-29,52.119999,53.930000,51.840000,53.310001,53.310001,650667
2019-01-30,53.240002,54.930000,53.090000,54.230000,54.230000,660527
2019-01-31,54.279999,55.369999,53.619999,53.790001,53.790001,731312
2019-02-01,54.009998,55.660000,53.369999,55.259998,55.259998,718650
2019-02-03,null,null,null,null,null,null
2019-02-04,55.320000,55.750000,53.290001,54.560001,54.560001,689566
2019-02-05,54.860001,55.209999,53.470001,53.660000,53.660000,622472
2019-02-06,53.730000,54.299999,52.860001,54.009998,54.009998,609756
2019-02-07,53.939999,54.209999,51.799999,52.639999,52.639999,606720
2019-02-08,52.590000,52.990002,52.080002,52.720001,52.720001,749010
2019-02-10,null,null,null,null,null,null
2019-02-11,52.660000,52.779999,51.230000,52.410000,52.410000,621003
2019-02-12,52.470001,54.049999,52.290001,53.099998,53.099998,750242
2019-02-13,53.349998,54.599998,53.270000,53.900002,53.900002,708312
2019-02-14,53.959999,54.680000,53.080002,54.410000,54.410000,706552
2019-02-15,54.480000,55.869999,54.240002,55.590000,55.590000,623546
2019-02-17,null,null,null,null,null,null
2019-02-19,55.779999,56.330002,55.290001,56.090000,56.090000,276907
2019-02-20,55.939999,57.549999,55.480000,56.919998,56.919998,153728
2019-02-21,57.240002,57.610001,56.639999,56.959999,56.959999,685111
2019-02-22,56.840000,57.810001,56.709999,57.259998,57.259998,546202
2019-02-24,null,null,null,null,null,null
2019-02-25,57.169998,57.529999,55.080002,55.480000,55.480000,513439
2019-02-26,55.459999,56.080002,55.020000,55.500000,55.500000,723012
2019-02-27,55.950001,57.389999,55.720001,56.939999,56.939999,538919
2019-02-28,57.000000,57.430000,56.430000,57.220001,57.220001,577227
2019-03-01,57.220001,57.880001,55.570000,55.799999,55.799999,496678
2019-03-03,null,null,null,null,null,null
2019-03-04,55.830002,57.000000,55.810001,56.590000,56.590000,684186
2019-03-05,56.450001,57.189999,56.090000,56.560001,56.560001,549396
2019-03-06,56.279999,56.400002,55.419998,56.220001,56.220001,538399
2019-03-07,56.200001,56.990002,56.080002,56.660000,56.660000,637677
2019-03-08,56.430000,56.509998,54.520000,56.070000,56.070000,628824
2019-03-10,null,null,null,null,null,null
2019-03-11,56.070000,57.009998,55.959999,56.790001,56.790001,747358
2019-03-12,56.759998,57.549999,56.740002,56.869999,56.869999,597156
2019-03-13,57.090000,58.480000,57.009998,58.259998,58.259998,652798
2019-03-14,58.349998,58.740002,58.000000,58.610001,58.610001,610616
2019-03-15,58.509998,58.950001,57.740002,58.520000,58.520000,567604
2019-03-17,null,null,null,null,null,null
2019-03-18,58.450001,59.230000,58.049999,59.090000,59.090000,507393
2019-03-19,59.009998,59.570000,58.619999,59.029999,59.029999,157241
2019-03-20,59.020000,60.119999,58.389999,59.830002,59.830002,114822
2019-03-21,59.990002,60.389999,59.660000,59.980000,59.980000,786342
2019-03-22,59.869999,60.070000,58.279999,59.040001,59.040001,655380
2019-03-24,null,null,null,null,null,null
2019-03-25,58.980000,59.349998,58.169998,58.820000,58.820000,738840
2019-03-26,59.119999,60.380001,59.040001,59.939999,59.939999,705399
2019-03-27,60.029999,60.220001,58.810001,59.410000,59.410000,685988
2019-03-28,59.400002,59.560001,58.200001,59.299999,59.299999,732150
2019-03-29,59.529999,60.730000,59.410000,60.139999,60.139999,712209
2019-03-31,null,null,null,null,null,null
2019-04-01,60.240002,61.799999,60.130001,61.590000,61.590000,705559
2019-04-02,61.810001,62.750000,61.599998,62.580002,62.580002,670808
2019-04-03,62.639999,62.990002,62.049999,62.459999,62.459999,793227
2019-04-04,62.500000,62.770000,61.889999,62.099998,62.099998,799672
2019-04-05,62.180000,63.340000,61.820000,63.080002,63.080002,684973
2019-04-07,null,null,null,null,null,null
2019-04-08,63.330002,64.480003,63.130001,64.400002,64.400002,686862
2019-04-09,64.400002,64.790001,63.680000,63.980000,63.980000,895767
2019-04-10,64.220001,64.699997,64.050003,64.610001,64.610001,790677
2019-04-11,64.480003,64.489998,63.310001,63.580002,63.580002,722216
2019-04-12,63.709999,64.650002,63.660000,63.889999,63.889999,760504
2019-04-14,null,null,null,null,null,null
2019-04-15,63.759998,63.840000,63.029999,63.400002,63.400002,625588
2019-04-16,63.570000,64.370003,62.990002,64.050003,64.050003,555858
2019-04-17,64.320000,64.610001,63.660000,63.759998,63.759998,547469
2019-04-18,63.750000,64.160004,63.459999,64.000000,64.000000,235376
2019-04-21,null,null,null,null,null,null
2019-04-22,64.000000,65.919998,64.000000,65.699997,65.699997,148238
2019-04-23,65.750000,66.599998,65.580002,66.300003,66.300003,763527
2019-04-24,66.169998,66.430000,65.660004,65.889999,65.889999,700598
2019-04-25,65.809998,66.279999,64.900002,65.209999,65.209999,678386
2019-04-26,65.129997,65.180000,62.279999,63.299999,63.299999,603001
2019-04-28,null,null,null,null,null,null
2019-04-29,62.950001,63.689999,62.459999,63.500000,63.500000,1000836
2019-04-30,63.580002,64.750000,63.299999,63.910000,63.910000,654076
2019-05-01,63.400002,63.930000,62.770000,63.599998,63.599998,750494
2019-05-02,63.610001,63.680000,60.950001,61.810001,61.810001,676872
2019-05-03,61.549999,62.520000,61.299999,61.939999,61.939999,914661
2019-05-05,null,null,null,null,null,null
2019-05-06,61.430000,62.950001,60.040001,62.250000,62.250000,646866
2019-05-07,62.169998,62.490002,60.660000,61.400002,61.400002,768810
2019-05-08,61.439999,62.369999,61.070000,62.119999,62.119999,842810
2019-05-09,62.020000,62.209999,60.919998,61.700001,61.700001,791769
2019-05-10,61.639999,62.490002,61.419998,61.660000,61.660000,769583
2019-05-12,null,null,null,null,null,null
2019-05-13,61.650002,63.330002,60.639999,61.040001,61.040001,786494
2019-05-14,60.860001,62.110001,60.689999,61.779999,61.779999,1003106
2019-05-15,61.369999,62.340000,60.849998,62.020000,62.020000,751668
2019-05-16,62.119999,63.480000,62.080002,62.869999,62.869999,723001
2019-05-17,63.119999,63.639999,62.520000,62.759998,62.759998,545679
2019-05-19,null,null,null,null,null,null
2019-05-20,63.529999,63.810001,62.450001,63.099998,63.099998,215802
2019-05-21,63.279999,63.599998,62.750000,62.990002,62.990002,131888
2019-05-22,62.639999,62.779999,61.029999,61.419998,61.419998,641680
2019-05-23,61.270000,61.290001,57.330002,57.910000,57.910000,766728
2019-05-24,58.209999,59.099998,57.500000,58.630001,58.630001,1108052
2019-05-26,null,null,null,null,null,null
2019-05-28,58.939999,59.570000,58.130001,59.139999,59.139999,758099
2019-05-29,59.070000,59.139999,56.880001,58.810001,58.810001,1020323
2019-05-30,59.119999,59.700001,56.330002,56.590000,56.590000,1124959
2019-05-31,56.459999,56.610001,53.049999,53.500000,53.500000,842281
2019-06-02,null,null,null,null,null,null
2019-06-03,53.419998,54.630001,52.110001,53.250000,53.250000,1031488
2019-06-04,52.889999,53.779999,52.430000,53.480000,53.480000,984308
2019-06-05,52.860001,53.410000,50.599998,51.680000,51.680000,831625
2019-06-06,51.660000,53.299999,51.169998,52.590000,52.590000,943186
2019-06-07,53.099998,54.320000,52.619999,53.990002,53.990002,790067
2019-06-09,null,null,null,null,null,null
2019-06-10,54.240002,54.840000,53.049999,53.259998,53.259998,828133
2019-06-11,53.430000,54.040001,52.910000,53.270000,53.270000,687146
2019-06-12,53.040001,53.049999,50.720001,51.139999,51.139999,642940
2019-06-13,51.070000,53.450001,50.919998,52.279999,52.279999,786105
2019-06-14,52.180000,52.980000,51.700001,52.509998,52.509998,945024
2019-06-16,null,null,null,null,null,null
2019-06-17,52.500000,52.740002,51.580002,51.930000,51.930000,574229
2019-06-18,51.950001,54.310001,51.500000,53.900002,53.900002,397868
2019-06-19,54.090000,54.419998,53.279999,53.759998,53.759998,181640
2019-06-20,54.119999,57.020000,54.110001,56.650002,56.650002,122838
2019-06-21,57.259998,57.980000,56.660000,57.430000,57.430000,854514
2019-06-23,null,null,null,null,null,null
2019-06-24,57.720001,58.220001,56.750000,57.900002,57.900002,676047
2019-06-25,57.740002,58.840000,57.200001,57.830002,57.830002,597164
2019-06-26,58.840000,59.930000,58.650002,59.380001,59.380001,673140
2019-06-27,59.270000,59.730000,58.610001,59.430000,59.430000,686817
2019-06-28,59.220001,59.799999,57.750000,58.470001,58.470001,531405
2019-06-30,null,null,null,null,null,null
2019-07-01,59.270000,60.279999,58.340000,59.090000,59.090000,556101
2019-07-02,59.139999,59.430000,56.090000,56.250000,56.250000,674887
2019-07-03,null,null,null,null,null,null
2019-07-05,57.380001,57.820000,56.290001,57.509998,57.509998,600131
2019-07-07,null,null,null,null,null,null
2019-07-08,57.770000,58.459999,57.299999,57.660000,57.660000,698015
2019-07-09,57.560001,59.099998,57.290001,57.830002,57.830002,540861
2019-07-10,58.400002,60.529999,58.349998,60.430000,60.430000,551872
2019-07-11,60.439999,60.939999,60.139999,60.200001,60.200001,690656
2019-07-12,60.459999,60.740002,59.930000,60.209999,60.209999,573019
2019-07-14,null,null,null,null,null,null
2019-07-15,60.250000,60.919998,59.200001,59.580002,59.580002,469029
2019-07-16,59.259998,60.060001,57.070000,57.619999,57.619999,566818
2019-07-17,57.520000,58.360001,56.209999,56.779999,56.779999,712540
2019-07-18,56.599998,57.320000,54.720001,55.299999,55.299999,504432
2019-07-19,55.720001,56.360001,54.990002,55.630001,55.630001,215361
2019-07-21,null,null,null,null,null,null
2019-07-22,56.220001,56.840000,55.720001,56.220001,56.220001,105217
2019-07-23,56.169998,57.470001,55.740002,56.770000,56.770000,619483
2019-07-24,57.230000,57.639999,55.330002,55.880001,55.880001,521876
2019-07-25,55.900002,56.990002,55.810001,56.020000,56.020000,745248
2019-07-26,55.930000,56.570000,55.680000,56.200001,56.200001,559282
2019-07-28,null,null,null,null,null,null
2019-07-29,56.200001,57.099998,55.810001,56.869999,56.869999,476785
2019-07-30,57.070000,58.470001,56.959999,58.049999,58.049999,529742
2019-07-31,58.340000,58.820000,57.810001,58.580002,58.580002,547401
2019-08-01,57.849998,57.990002,53.590000,53.950001,53.950001,614001
2019-08-02,54.540001,56.049999,54.150002,55.660000,55.660000,886748
2019-08-04,null,null,null,null,null,null
2019-08-05,55.380001,55.610001,54.220001,54.689999,54.689999,739810
2019-08-06,54.950001,55.419998,53.290001,53.630001,53.630001,823844
2019-08-07,53.419998,53.770000,50.520000,51.090000,51.090000,682794
2019-08-08,52.330002,53.060001,51.939999,52.540001,52.540001,1063214
2019-08-09,52.880001,54.919998,52.369999,54.500000,54.500000,724762
2019-08-11,null,null,null,null,null,null
2019-08-12,54.320000,55.180000,53.540001,54.930000,54.930000,726386
2019-08-13,54.730000,57.470001,54.209999,57.099998,57.099998,611027
2019-08-14,56.740002,56.849998,53.970001,55.230000,55.230000,783486
2019-08-15,54.900002,55.330002,53.770000,54.470001,54.470001,718293
2019-08-16,54.740002,55.669998,54.259998,54.869999,54.869999,527866
2019-08-18,null,null,null,null,null,null
2019-08-19,54.959999,56.410000,54.840000,56.209999,56.209999,168345
2019-08-20,56.099998,56.599998,55.279999,56.340000,56.340000,113571
2019-08-21,56.049999,57.130001,55.549999,55.680000,55.680000,659258
2019-08-22,55.939999,56.459999,54.849998,55.349998,55.349998,704035
2019-08-23,55.349998,55.599998,53.240002,54.169998,54.169998,621573
2019-08-25,null,null,null,null,null,null
2019-08-26,53.250000,55.259998,52.959999,53.639999,53.639999,807151
2019-08-27,53.759998,55.720001,53.689999,54.930000,54.930000,679022
2019-08-28,55.709999,56.750000,55.340000,55.779999,55.779999,596624
2019-08-29,55.880001,56.889999,55.430000,56.709999,56.709999,674048
2019-08-30,56.630001,56.720001,54.549999,55.099998,55.099998,630760
2019-09-01,null,null,null,null,null,null
2019-09-03,55.000000,55.240002,52.840000,53.939999,53.939999,708268
2019-09-04,53.919998,56.580002,53.840000,56.259998,56.259998,970804
2019-09-05,55.950001,57.759998,55.750000,56.299999,56.299999,682298
2019-09-06,56.189999,56.950001,54.830002,56.520000,56.520000,712466
2019-09-08,null,null,null,null,null,null
2019-09-09,56.799999,58.160000,56.580002,57.849998,57.849998,714294
2019-09-10,58.029999,58.759998,57.200001,57.400002,57.400002,646993
2019-09-11,57.889999,58.299999,55.610001,55.750000,55.750000,755472
2019-09-12,55.930000,56.340000,54.000000,55.090000,55.090000,858772
2019-09-13,55.150002,55.680000,54.439999,54.849998,54.849998,845977
2019-09-15,null,null,null,null,null,null
2019-09-16,61.480000,63.380001,58.770000,62.900002,62.900002,599470
2019-09-17,61.959999,62.590000,58.459999,59.340000,59.340000,1404916
2019-09-18,58.810001,59.430000,57.669998,58.110001,58.110001,993237
2019-09-19,58.200001,59.540001,58.009998,58.130001,58.130001,216961
2019-09-20,58.650002,59.099998,57.790001,58.090000,58.090000,112327
2019-09-22,null,null,null,null,null,null
2019-09-23,59.250000,59.389999,57.369999,58.639999,58.639999,576019
2019-09-24,58.439999,58.490002,56.689999,57.290001,57.290001,526785
2019-09-25,56.700001,57.020000,55.549999,56.490002,56.490002,591529
2019-09-26,56.689999,56.840000,55.410000,56.410000,56.410000,563550
2019-09-27,56.509998,56.759998,54.750000,55.910000,55.910000,599653
2019-09-29,null,null,null,null,null,null
2019-09-30,56.540001,56.570000,53.980000,54.070000,54.070000,712966
2019-10-01,54.279999,54.840000,53.049999,53.619999,53.619999,532522
2019-10-02,54.000000,54.419998,52.169998,52.639999,52.639999,589176
2019-10-03,52.470001,52.910000,50.990002,52.450001,52.450001,590306
2019-10-04,52.290001,53.349998,52.040001,52.810001,52.810001,642466
2019-10-06,null,null,null,null,null,null
2019-10-07,52.689999,54.060001,52.590000,52.750000,52.750000,541104
2019-10-08,52.810001,53.270000,51.810001,52.630001,52.630001,549019
2019-10-09,52.570000,53.740002,52.310001,52.590000,52.590000,658324
2019-10-10,52.689999,53.970001,51.380001,53.549999,53.549999,632666
2019-10-11,53.880001,54.930000,53.639999,54.700001,54.700001,613944
2019-10-13,null,null,null,null,null,null
2019-10-14,54.900002,54.900002,52.770000,53.590000,53.590000,467643
2019-10-15,53.509998,53.790001,52.389999,52.810001,52.810001,467643
2019-10-16,52.919998,53.740002,52.520000,53.360001,53.360001,511249
2019-10-17,52.990002,54.160000,52.619999,53.930000,53.930000,451643
2019-10-18,54.090000,54.619999,53.349998,53.779999,53.779999,418422
2019-10-20,null,null,null,null,null,null
2019-10-21,53.709999,54.029999,52.709999,53.310001,53.310001,174477
2019-10-22,53.389999,54.619999,53.099998,54.160000,54.160000,95979
2019-10-23,54.299999,56.070000,53.619999,55.970001,55.970001,506573
2019-10-24,55.900002,56.509998,55.410000,56.230000,56.230000,620202
2019-10-25,56.070000,56.740002,55.599998,56.660000,56.660000,480764
2019-10-27,null,null,null,null,null,null
2019-10-28,56.650002,56.919998,55.580002,55.810001,55.810001,445020
2019-10-29,55.799999,55.910000,54.610001,55.540001,55.540001,437020
2019-10-30,55.529999,55.730000,54.419998,55.060001,55.060001,521457
2019-10-31,54.900002,55.590000,53.709999,54.180000,54.180000,659328
2019-11-01,54.150002,56.330002,54.070000,56.200001,56.200001,677419
2019-11-03,null,null,null,null,null,null
2019-11-04,56.410000,57.430000,55.830002,56.540001,56.540001,538117
2019-11-05,56.560001,57.500000,56.299999,57.230000,57.230000,580350
2019-11-06,57.259998,57.849998,56.110001,56.349998,56.349998,435319
2019-11-07,56.349998,57.880001,56.270000,57.150002,57.150002,623258
2019-11-08,57.080002,57.480000,55.759998,57.240002,57.240002,678165
2019-11-10,null,null,null,null,null,null
2019-11-11,57.400002,57.400002,56.250000,56.860001,56.860001,636941
2019-11-12,56.889999,57.549999,56.540001,56.799999,56.799999,498981
2019-11-13,56.790001,57.529999,56.200001,57.119999,57.119999,586568
2019-11-14,57.389999,57.790001,56.630001,56.770000,56.770000,547635
2019-11-15,56.910000,57.970001,56.430000,57.720001,57.720001,516832
2019-11-17,null,null,null,null,null,null
2019-11-18,57.880001,58.090000,56.549999,57.049999,57.049999,375993
2019-11-19,56.900002,57.110001,55.040001,55.209999,55.209999,159328
2019-11-20,55.160000,57.250000,54.759998,57.110001,57.110001,121214
2019-11-21,57.000000,58.669998,56.599998,58.580002,58.580002,674891
2019-11-22,58.310001,58.740002,57.500000,57.770000,57.770000,593533
2019-11-24,null,null,null,null,null,null
2019-11-25,57.919998,58.150002,57.209999,58.009998,58.009998,508244
2019-11-26,57.919998,58.560001,57.759998,58.410000,58.410000,420642
2019-11-27,58.270000,58.680000,57.509998,58.110001,58.110001,443816
2019-11-29,null,null,null,null,null,null
2019-12-01,null,null,null,null,null,null
2019-12-02,55.470001,56.669998,55.419998,55.959999,55.959999,718724
2019-12-03,55.959999,56.799999,55.349998,56.099998,56.099998,616423
2019-12-04,56.430000,58.660000,56.279999,58.430000,58.430000,560554
2019-12-05,58.360001,59.119999,58.099998,58.430000,58.430000,760541
2019-12-06,58.320000,59.849998,57.700001,59.200001,59.200001,649461
2019-12-08,null,null,null,null,null,null
2019-12-09,59.110001,59.250000,58.230000,59.020000,59.020000,679609
2019-12-10,58.919998,59.520000,58.520000,59.240002,59.240002,511561
2019-12-11,59.060001,59.220001,58.110001,58.759998,58.759998,566822
2019-12-12,58.880001,59.720001,58.750000,59.180000,59.180000,589650
2019-12-13,59.360001,60.480000,59.270000,60.070000,60.070000,530851
2019-12-15,null,null,null,null,null,null
2019-12-16,59.869999,60.340000,59.709999,60.209999,60.209999,512288
2019-12-17,60.230000,61.060001,60.029999,60.939999,60.939999,347395
2019-12-18,60.549999,61.180000,60.320000,60.930000,60.930000,163744
2019-12-19,60.860001,61.470001,60.790001,61.220001,61.220001,131071
2019-12-20,61.110001,61.200001,60.020000,60.439999,60.439999,426341
2019-12-22,null,null,null,null,null,null
2019-12-23,60.410000,60.770000,60.099998,60.520000,60.520000,552517
2019-12-24,null,null,null,null,null,null
2019-12-26,61.200001,61.830002,61.060001,61.680000,61.680000,204535
2019-12-27,61.730000,61.970001,61.240002,61.720001,61.720001,265091
2019-12-29,null,null,null,null,null,null
2019-12-30,61.709999,62.340000,61.090000,61.680000,61.680000,351899
2019-12-31,61.680000,61.880001,60.630001,61.060001,61.060001,427149
2020-01-02,61.599998,61.599998,60.639999,61.180000,61.180000,494535
2020-01-03,61.180000,64.089996,61.130001,63.049999,63.049999,486873
2020-01-05,null,null,null,null,null,null
2020-01-06,63.709999,64.720001,62.639999,63.270000,63.270000,885861
2020-01-07,62.910000,63.150002,62.110001,62.700001,62.700001,724236
2020-01-08,62.840000,65.650002,59.150002,59.610001,59.610001,582649
2020-01-09,59.990002,60.310001,58.660000,59.560001,59.560001,1205710
2020-01-10,59.610001,59.779999,58.849998,59.040001,59.040001,750933
2020-01-12,null,null,null,null,null,null
2020-01-13,59.040001,59.270000,57.910000,58.080002,58.080002,596186
2020-01-14,58.029999,58.720001,57.720001,58.230000,58.230000,584002
2020-01-15,58.200001,58.360001,57.360001,57.810001,57.810001,507714
2020-01-16,58.099998,58.869999,57.560001,58.520000,58.520000,433169
2020-01-17,58.590000,58.980000,58.270000,58.540001,58.540001,182871
2020-01-19,null,null,null,null,null,null
2020-01-21,59.169998,59.730000,57.680000,58.340000,58.340000,122561
2020-01-22,58.259998,58.380001,56.029999,56.740002,56.740002,648335
2020-01-23,56.110001,56.270000,54.770000,55.590000,55.590000,620119
2020-01-24,55.689999,55.950001,53.849998,54.189999,54.189999,703995
2020-01-26,53.700001,53.709999,52.150002,52.639999,52.639999,1009546
2020-01-27,53.700001,53.709999,52.130001,53.139999,53.139999,586195
2020-01-28,52.770000,54.060001,52.680000,53.480000,53.480000,712880
2020-01-29,53.970001,54.369999,52.810001,53.330002,53.330002,633963
2020-01-30,53.090000,53.200001,51.660000,52.139999,52.139999,624979
2020-01-31,52.919998,53.360001,50.970001,51.560001,51.560001,720123
2020-02-02,51.009998,51.270000,50.580002,51.009998,51.009998,568976
2020-02-03,51.009998,51.970001,49.799999,50.110001,50.110001,827907
2020-02-04,49.939999,51.549999,49.310001,49.610001,49.610001,876044
2020-02-05,49.509998,51.880001,49.470001,50.750000,50.750000,859357
2020-02-06,51.169998,52.200001,50.240002,50.950001,50.950001,887946
2020-02-07,51.110001,51.480000,50.090000,50.320000,50.320000,750659
2020-02-09,50.110001,50.160000,49.560001,49.759998,49.759998,479627
2020-02-10,50.119999,50.490002,49.419998,49.570000,49.570000,768345
2020-02-11,49.610001,50.689999,49.580002,49.939999,49.939999,715894
2020-02-12,49.959999,51.730000,49.950001,51.169998,51.169998,725733
2020-02-13,51.720001,51.959999,50.599998,51.419998,51.419998,795256
2020-02-14,51.509998,52.340000,51.320000,52.049999,52.049999,745400
2020-02-16,52.200001,52.410000,52.099998,52.180000,52.180000,19935
2020-02-18,52.230000,52.410000,50.880001,52.049999,52.049999,607343
2020-02-19,52.119999,53.660000,51.930000,53.290001,53.290001,221774
2020-02-20,53.500000,54.500000,53.220001,53.779999,53.779999,113683
2020-02-21,53.740002,53.860001,52.549999,53.380001,53.380001,676179
2020-02-23,52.599998,52.639999,51.660000,52.080002,52.080002,1339288
2020-02-24,52.599998,52.639999,50.450001,51.430000,51.430000,707555
2020-02-25,51.369999,52.020000,49.689999,49.900002,49.900002,765515
2020-02-26,50.080002,50.439999,48.299999,48.730000,48.730000,764989
2020-02-27,47.939999,48.380001,45.880001,46.810001,46.810001,447356482
2020-02-28,46.490002,47.029999,43.849998,47.090000,47.090000,1059301
2020-03-01,43.720001,44.700001,43.410000,44.570000,44.570000,1006074
2020-03-02,43.700001,47.560001,43.320000,44.759998,44.759998,918575
2020-03-03,47.720001,48.660000,46.470001,46.750000,46.750000,985670
2020-03-04,46.939999,48.410000,46.650002,47.180000,47.180000,724225
2020-03-05,47.130001,47.570000,45.650002,46.779999,46.779999,683404
2020-03-06,46.090000,46.380001,41.049999,45.900002,45.900002,1204734
2020-03-08,32.869999,33.590000,30.000000,32.540001,32.540001,9965471
2020-03-09,32.869999,34.880001,27.340000,41.279999,41.279999,1693652
2020-03-10,30.370001,35.020000,30.200001,31.129999,31.129999,997569
2020-03-11,34.619999,36.349998,32.560001,34.360001,34.360001,824665
2020-03-12,33.070000,33.630001,30.020000,32.980000,32.980000,963502
2020-03-13,31.180000,33.869999,31.129999,32.930000,32.930000,331620435
2020-03-15,33.750000,33.750000,29.750000,30.410000,30.410000,3821877
2020-03-16,33.750000,33.750000,28.100000,31.730000,31.730000,663525
2020-03-17,28.690001,30.299999,26.629999,28.700001,28.700001,521494
2020-03-18,27.299999,27.600000,20.520000,27.330000,27.330000,912915
2020-03-19,22.820000,28.280001,21.770000,20.830000,20.830000,1079855
2020-03-20,25.590000,28.490000,22.389999,25.910000,25.910000,1092222
2020-03-22,22.660000,23.070000,20.799999,21.540001,21.540001,3636920
2020-03-23,22.709999,24.600000,21.790001,24.450001,24.450001,409601397
2020-03-24,24.139999,25.160000,23.090000,24.549999,24.549999,300012410
2020-03-25,24.830000,25.070000,22.910000,24.309999,24.309999,290110034
2020-03-26,24.170000,24.219999,22.379999,23.049999,23.049999,270451784
2020-03-27,23.080000,23.139999,20.879999,21.840000,21.840000,250723427